status,fullName,slug,pageId,localFile,hasExistingPhoto
WILL_UPLOAD,"Aaron Randall",aaron-randall,ab7b8c15-e40e-413e-ac50-23e117e527a5,aaron-randall.jpg,no
WILL_UPLOAD,"Abhishek Gupta",abhishek-gupta,23228fd5-2e95-4562-8b43-7649ea230a32,abhishek-gupta.jpg,no
WILL_UPLOAD,"Adam Jordan",adam-jordan,fc74810b-7f85-42cc-bd13-e4bdc6ebd514,adam-jordan.jpeg,no
WILL_UPLOAD,"Adrian Cockcroft",adrian-cockcroft,4d5463f3-99f4-4003-bcdf-eac532b7e2ac,adrian-cockcroft.jpg,no
WILL_UPLOAD,"Ahmad Antar",ahmad-antar,bcd5a21d-222a-49ae-ac99-f3a546ee6466,ahmad-antar.png,no
WILL_UPLOAD,"Akshit Batra",akshit-batra,0a9298e8-807c-4bf9-866f-c1983af2bc03,akshit-batra.jpeg,no
WILL_UPLOAD,"Ashara Taylor",ashara-taylor,da607731-4157-47ab-b40c-fc6d3c0e3d91,ashara-taylor.png,no
WILL_UPLOAD,"Asim Hussain",asim-hussain,755967ee-0ff8-4121-b4a5-af3ec74361de,asim-hussain.png,no
WILL_UPLOAD,"Ben Logan",ben-logan,14bc6222-00fb-44ff-b173-ea81248f535f,ben-logan.png,no
WILL_UPLOAD,"Benjamin DAVY",benjamin-davy,32656773-15af-4b55-9473-aaa035f40e4a,benjamin-davy.jpeg,no
WILL_UPLOAD,"Bertrand Martin",bertrand-martin,e0feffc8-8452-4248-bc99-4ef1c04bacb1,bertrand-martin.jpg,no
WILL_UPLOAD,"Braulio Moura",braulio-moura,cf74d955-dcee-4fae-a802-eb25abf7eab2,braulio-moura.png,no
WILL_UPLOAD,"Brian O'Kelley",brian-o-kelley,181456c0-7cab-8110-be24-cc373e08eaf0,brian-o-kelley.jpeg,no
WILL_UPLOAD,"Cameron Casher",cameron-casher,b2d38049-af5b-4e0f-83a9-d648ed9b9178,cameron-casher.jpg,no
WILL_UPLOAD,"Carolin Rubner",carolin-rubner,81d07f18-2987-4b8a-9af9-820c7479a1f4,carolin-rubner.jpg,no
WILL_UPLOAD,"Chris Adams",chris-adams,301d1eaf-65df-4c29-b4c0-1ea7bb463614,chris-adams.jpeg,no
WILL_UPLOAD,"Chris Balcer",chris-balcer,5e6ba074-5a52-464b-af25-40c9ea735009,chris-balcer.jpeg,no
WILL_UPLOAD,"Chris Lloyd-Jones",chris-lloyd-jones,26c456c0-7cab-80ea-ade0-d330b57baaa6,chris-lloyd-jones.jpeg,no
WILL_UPLOAD,"Chris Lloyd-Jones",chris-lloyd-jones,6692ca74-83d6-4b91-ae4a-2dc7b48916d9,chris-lloyd-jones.jpeg,no
WILL_UPLOAD,"Chris Xie",chris-xie,0141c9e0-f155-4a61-aa6d-e9d8060efdd3,chris-xie.jpg,no
WILL_UPLOAD,"Chris Xie",chris-xie,121456c0-7cab-80db-ab7b-e84d69d5e1e3,chris-xie.jpg,no
WILL_UPLOAD,"Dan Benitah",dan-benitah,d55e9113-dbeb-4996-b03f-6514d4deda08,dan-benitah.png,no
WILL_UPLOAD,"Daniel Lazaro",daniel-lazaro,99fc6683-34d8-49d3-a230-0f241f165edb,daniel-lazaro.jpeg,no
WILL_UPLOAD,"Daniel Vaughan",daniel-vaughan,14323149-bf0d-412c-8303-fbee8de9541e,daniel-vaughan.png,no
WILL_UPLOAD,"Dean Bosche",dean-bosche,e05819c4-a93e-48a5-980c-2530f189234d,dean-bosche.jpg,no
WILL_UPLOAD,"Dora Smith",dora-smith,1f4456c0-7cab-8119-b5c4-dabe9a4b5fc5,dora-smith.jpg,no
WILL_UPLOAD,"Emma Horrell",emma-horrell,210456c0-7cab-8030-b2fb-d4a58ab883d8,emma-horrell.jpg,no
WILL_UPLOAD,"Erik Lueders",erik-lueders,f555d8f8-aa94-491b-acaf-db1f7bddf2a1,erik-lueders.jpeg,no
WILL_UPLOAD,"Facundo Armas",facundo-armas,5e5e13c1-bbc6-4acb-887d-a4bce5741691,facundo-armas.jpg,no
WILL_UPLOAD,"Fergus Kidd",fergus-kidd,3c5e4988-8afc-4e97-b6f3-8cf14d6a24ad,fergus-kidd.png,no
WILL_UPLOAD,"Florent Morel",florent-morel,640e9f3c-f1c6-46b7-8197-a16098aa8121,florent-morel.jpg,no
WILL_UPLOAD,"Franziska Hinkelmann",franziska-hinkelmann,10a456c0-7cab-802c-bf1c-d9e8d6b9d379,franziska-hinkelmann.jpeg,no
WILL_UPLOAD,"Gadhu Sundaram",gadhu-sundaram,bfe35326-ca52-4c60-87b2-c11a8f83dd25,gadhu-sundaram.png,no
WILL_UPLOAD,"Geetha Gandhi",geetha-gandhi,8b326e1a-ff67-4c43-a94e-337fc9590faf,geetha-gandhi.jpg,no
WILL_UPLOAD,"Guillaume BERTELLO",guillaume-bertello,60cec052-9040-44f8-a111-5803d063f595,guillaume-bertello.png,no
WILL_UPLOAD,"HansjöRg Buchberger",hansj-rg-buchberger,55a26dd2-f0e3-43ea-a4f0-da0c69036110,hansj-rg-buchberger.png,no
WILL_UPLOAD,"Henry Richardson",henry-richardson,2450acf3-cd34-4bc0-b72f-7aa1c1cace55,henry-richardson.png,no
WILL_UPLOAD,"Hervé Guirado",herv-guirado,17b456c0-7cab-80fb-bf14-f19a38b8f2a5,herv-guirado.jpg,no
WILL_UPLOAD,"Inky Vos",inky-vos,2f5651da-8ca5-4aef-8798-7764e5016dea,inky-vos.jpg,no
WILL_UPLOAD,"Janne Kalliola",janne-kalliola,144456c0-7cab-80dd-9fd3-ef8fbdbea28a,janne-kalliola.jpg,no
WILL_UPLOAD,"Javier Soriano",javier-soriano,21f456c0-7cab-8060-ac61-d7256d158f27,javier-soriano.png,no
WILL_UPLOAD,"Jing Liang",jing-liang,9f407325-cba2-4603-91d9-cce4f127d611,jing-liang.jpg,no
WILL_UPLOAD,"Johnny Wolf",johnny-wolf,200456c0-7cab-80c6-9003-d17a4ec57cba,johnny-wolf.jpg,no
WILL_UPLOAD,"Jose Alejandro Sanchez",jose-alejandro-sanchez,113456c0-7cab-80f9-98b0-c1396ca0de66,jose-alejandro-sanchez.jpg,no
WILL_UPLOAD,"Jose Alejandro Sanchez",jose-alejandro-sanchez,9a583fb0-07ef-492f-9154-cf6aac3a958e,jose-alejandro-sanchez.jpg,no
WILL_UPLOAD,"Joseph Cook",joseph-cook,a164d531-c173-4d9c-86b9-5237fca0e143,joseph-cook.jpg,no
WILL_UPLOAD,"Juan Ignacio Rubio",juan-ignacio-rubio,17b456c0-7cab-8041-a0f1-e91c977c19e5,juan-ignacio-rubio.jpg,no
WILL_UPLOAD,"Konrad Pfeilsticker",konrad-pfeilsticker,9b315f56-ef36-4229-b13e-28271fc549f2,konrad-pfeilsticker.jpg,no
WILL_UPLOAD,"Leila Lhardy",leila-lhardy,2537581b-8f21-4470-bf88-f0822bb2ade0,leila-lhardy.png,no
WILL_UPLOAD,"Lisa Mcnally",lisa-mcnally,d83143a3-1180-4545-90f9-c835680afcb9,lisa-mcnally.png,no
WILL_UPLOAD,"Luc Burnip",luc-burnip,113456c0-7cab-8148-a9e4-c7f4c8a5e51e,luc-burnip.png,no
WILL_UPLOAD,"Ludovic Colbaut",ludovic-colbaut,27eb2404-5553-4149-9923-e5ea6b3bf87a,ludovic-colbaut.jpg,no
WILL_UPLOAD,"Manoj Saxena",manoj-saxena,b5b6618a-b104-4f38-976f-703005a54afc,manoj-saxena.jpg,no
WILL_UPLOAD,"Marco Valtas",marco-valtas,8147fc9d-89b9-4b15-9719-060f32a8d73d,marco-valtas.jpg,no
WILL_UPLOAD,"Marcos Hidalgo Nunes",marcos-hidalgo-nunes,07887daf-3d19-4996-b5d0-dd7b3f1dccaf,marcos-hidalgo-nunes.jpg,no
WILL_UPLOAD,"Matthew Kropp",matthew-kropp,6234eaf4-6105-4a7b-bc50-54e92b488d2d,matthew-kropp.jpg,no
WILL_UPLOAD,"Mauro Caporuscio",mauro-caporuscio,65a6a4f5-64fb-4312-a49d-9c40a06001c8,mauro-caporuscio.jpeg,no
WILL_UPLOAD,"Michael Bane",michael-bane,121456c0-7cab-8059-a47a-e6302ba79e4a,michael-bane.png,no
WILL_UPLOAD,"Michala Eva",michala-eva,ce9bfd2d-d3de-4651-b240-12164c43d261,michala-eva.jpeg,no
WILL_UPLOAD,"Mohammad Haque",mohammad-haque,317d4123-078f-4e6a-97be-9a9f64530733,mohammad-haque.png,no
WILL_UPLOAD,"Nagaraju Kusa",nagaraju-kusa,1d8d0a1f-e708-4cd0-a9bc-4db766c98f4a,nagaraju-kusa.jpeg,no
WILL_UPLOAD,"Navveen Balani",navveen-balani,f8e0f0ba-f177-4529-b834-ca6c9a31b077,navveen-balani.jpeg,no
WILL_UPLOAD,"Niels Freier",niels-freier,21e69ee4-61c1-4877-89b7-eac3c41269e1,niels-freier.jpg,no
WILL_UPLOAD,"Noah Broestl",noah-broestl,d429527a-559f-4425-9890-e28f7e426142,noah-broestl.png,no
WILL_UPLOAD,"Olivier Chiabodo",olivier-chiabodo,f5f7158d-45e4-450a-8437-e05a79dece33,olivier-chiabodo.jpeg,no
WILL_UPLOAD,"Patrick Chanezon",patrick-chanezon,b7149a71-d58a-4362-95e7-7eb92b53c50f,patrick-chanezon.jpeg,no
WILL_UPLOAD,"Pindy Bhullar",pindy-bhullar,1b5456c0-7cab-8183-840d-e0711b483e2d,pindy-bhullar.png,no
WILL_UPLOAD,"Pindy Bhullar",pindy-bhullar,303456c0-7cab-8074-948c-fa95f98aae80,pindy-bhullar.png,no
WILL_UPLOAD,"Pindy Bhullar",pindy-bhullar,52b3a8ad-d4c3-4f17-a90a-45065b599a7e,pindy-bhullar.png,no
WILL_UPLOAD,"Rishi Yadav",rishi-yadav,fbf7298e-67be-4542-9c72-26facfc2727d,rishi-yadav.png,no
WILL_UPLOAD,"Ross Fairbanks",ross-fairbanks,77b28916-7658-40bb-b294-678c5414e720,ross-fairbanks.jpeg,no
WILL_UPLOAD,"Sanjay Podder",sanjay-podder,d8d85903-d559-4720-8c97-79a0d4920f96,sanjay-podder.jpeg,no
WILL_UPLOAD,"Sarah Hsu",sarah-hsu,f2ef923d-2e50-474d-924d-36e2ca577dd4,sarah-hsu.jpeg,no
WILL_UPLOAD,"Savannah Goodman",savannah-goodman,c91a203e-6817-4c56-aef6-9b83d1177c73,savannah-goodman.jpg,no
WILL_UPLOAD,"Sean McIlroy",sean-mcilroy,41f6efe5-49fd-485a-a078-81c16599d939,sean-mcilroy.png,no
WILL_UPLOAD,"Sophie Tarhan",sophie-tarhan,a1e795f3-c0ac-47ed-8d57-0b87c18debbb,sophie-tarhan.jpg,no
WILL_UPLOAD,"Srinivasan Rakhunathan",srinivasan-rakhunathan,6e4bf869-e37b-4f27-8cc0-0413a21d5666,srinivasan-rakhunathan.png,no
WILL_UPLOAD,"Susannah Hill",susannah-hill,296456c0-7cab-8028-a643-faa36487712d,susannah-hill.jpg,no
WILL_UPLOAD,"Suzanne Kopcha",suzanne-kopcha,48a37260-5660-412e-aff2-1ea3ea34930f,suzanne-kopcha.jpeg,no
WILL_UPLOAD,"Szymon Duchniewicz",szymon-duchniewicz,257a44e2-3e1d-4ce8-a6d6-74699177c1bb,szymon-duchniewicz.jpg,no
WILL_UPLOAD,"Taichi Imura",taichi-imura,6855d806-78b9-4ddb-bdc6-94a6b3e84488,taichi-imura.jpeg,no
WILL_UPLOAD,"Tammy McClellan",tammy-mcclellan,8a22df10-cc8b-4a64-8b81-d8ccdc9a1308,tammy-mcclellan.jpg,no
WILL_UPLOAD,"Thomas Frers",thomas-frers,7c8e42cc-900d-4585-a10a-692d6ce7a6b2,thomas-frers.jpeg,no
WILL_UPLOAD,"Thomas Lewis",thomas-lewis,ef94445d-f016-47bf-802d-de2a409162c3,thomas-lewis.png,no
WILL_UPLOAD,"Timo Müller",timo-m-ller,8cdd8cf7-c6bd-429b-ba52-4070015d453e,timo-m-ller.webp,no
WILL_UPLOAD,"Toru Shimogaki",toru-shimogaki,97b942eb-9a61-44b6-9f90-155620925927,toru-shimogaki.jpg,no
WILL_UPLOAD,"Tristan Sheppard",tristan-sheppard,a3a4edef-3c91-484d-8d20-38cbd819c002,tristan-sheppard.jpg,no
WILL_UPLOAD,"Vaughan Knight",vaughan-knight,f603bc05-5158-4857-9392-41e26f0d5ed6,vaughan-knight.png,no
WILL_UPLOAD,"Vinjosh Varghese",vinjosh-varghese,5bafdc49-6822-4d72-967e-0d64315edae6,vinjosh-varghese.jpg,no
WILL_UPLOAD,"Virginie Corraze",virginie-corraze,d1b8fcc9-dcdf-4441-a11e-066f9d05a256,virginie-corraze.jpg,no
WILL_UPLOAD,"wenting zhu",wenting-zhu,5b11ea13-2301-49b4-8ddb-268cf99a1432,wenting-zhu.jpeg,no
WILL_UPLOAD,"Yasumasa Suenaga",yasumasa-suenaga,ce248b70-6316-47f6-be37-93e9382d36cd,yasumasa-suenaga.png,no
WILL_UPLOAD,"Yusuke Kobayashi",yusuke-kobayashi,0da6bcf8-90d2-43da-a055-db4e3b6e6ca2,yusuke-kobayashi.jpeg,no
WILL_UPLOAD,"Ziliang Zong",ziliang-zong,4b9c1ffc-0434-49cf-9af5-13a9492c5311,ziliang-zong.jpeg,no
SKIP_HAS_PHOTO,"Christopher Liljenstolpe",christopher-liljenstolpe,1a5456c0-7cab-8099-b1ba-c107e240660b,christopher-liljenstolpe.jpg,yes
NO_LOCAL_PHOTO,"",,003b7982-739e-4902-8d54-64307efd719f,,no
NO_LOCAL_PHOTO,"",,0095b636-4668-4981-bc67-5d1569ccbf4b,,no
NO_LOCAL_PHOTO,"",,010f7c43-ca6c-4ff3-a64c-4c92ae03d6d2,,no
NO_LOCAL_PHOTO,"",,015c5fe2-8174-4924-8f02-4a6546532b9c,,no
NO_LOCAL_PHOTO,"",,018f0554-84c6-4ac2-95f2-0bca72899230,,no
NO_LOCAL_PHOTO,"",,019953b4-5b24-49ea-8141-bd0279e25067,,no
NO_LOCAL_PHOTO,"",,01c535be-5245-47a9-8766-6f10a5ea5c2c,,no
NO_LOCAL_PHOTO,"",,01d8ed56-559b-4b61-abf5-8f39ba24e307,,no
NO_LOCAL_PHOTO,"",,01f58e6e-fa0b-4787-bbf7-48068f8322e8,,no
NO_LOCAL_PHOTO,"",,01fd05dd-7c86-4263-a4c0-b0882e423123,,no
NO_LOCAL_PHOTO,"",,02693e03-fd53-4bb2-aadc-32c75fec9066,,no
NO_LOCAL_PHOTO,"",,029274a0-1fea-4bb9-988a-5aab69359255,,no
NO_LOCAL_PHOTO,"",,03256741-cc42-4342-94a4-c8ac63701853,,no
NO_LOCAL_PHOTO,"",,0374a7c0-e649-4663-be18-7d98f63e2c16,,no
NO_LOCAL_PHOTO,"",,039c4696-c4aa-41ea-aab9-dd3ad148ce0c,,no
NO_LOCAL_PHOTO,"",,03e68740-e469-40cc-89f5-d0487f7acdc0,,no
NO_LOCAL_PHOTO,"",,0419e099-4d04-4b04-8b57-8ad3458d3598,,no
NO_LOCAL_PHOTO,"",,0450b80d-5834-46a4-87ae-27cf149fd4dd,,no
NO_LOCAL_PHOTO,"",,04d2f38d-d26b-4bdf-ae65-32edbbc1b5ee,,no
NO_LOCAL_PHOTO,"",,04f42ba6-e548-4f02-932b-bfba1d667dbc,,no
NO_LOCAL_PHOTO,"",,05592ad1-9eec-4d73-9731-836fe1e5acce,,no
NO_LOCAL_PHOTO,"",,0647bf6e-5272-474b-af1b-3f54bc0c7182,,no
NO_LOCAL_PHOTO,"",,0873d621-c3a3-4c3b-adde-d90ddb41fde8,,no
NO_LOCAL_PHOTO,"",,090cac65-b132-46a6-b51f-eff0672148b2,,no
NO_LOCAL_PHOTO,"",,091687e2-cf1d-4c6c-a3a8-b8e4f407f003,,no
NO_LOCAL_PHOTO,"",,095ff035-4563-40f6-8dac-9b74b508a1b0,,no
NO_LOCAL_PHOTO,"",,09729f6c-a3f8-4f29-9a1a-f4c22fc3da71,,no
NO_LOCAL_PHOTO,"",,098498b2-18a9-4b68-ac93-9c85182269c1,,no
NO_LOCAL_PHOTO,"",,09a97890-a14c-4520-912a-df5400e89059,,no
NO_LOCAL_PHOTO,"",,09b9f613-581b-4013-9c45-f9e5bd2e7dc9,,no
NO_LOCAL_PHOTO,"",,09d9ef75-3169-45fd-8c53-74efbdc2a2c8,,no
NO_LOCAL_PHOTO,"",,0a634ef9-164e-4d5c-9eef-f0761a92cb1d,,no
NO_LOCAL_PHOTO,"",,0a644528-1f8e-45b7-b509-f126f73d9df1,,no
NO_LOCAL_PHOTO,"",,0b0b49b2-c4be-498d-81d5-604baf04f6f1,,no
NO_LOCAL_PHOTO,"",,0b603e04-cade-4e5c-ae8a-58cd71183c89,,no
NO_LOCAL_PHOTO,"",,0bcef211-269b-406d-b625-a669d3dca828,,no
NO_LOCAL_PHOTO,"",,0ced9e37-4ae1-41fb-922a-70187a502b90,,no
NO_LOCAL_PHOTO,"",,0d3f6b27-06e0-48ba-90be-6686661236d3,,no
NO_LOCAL_PHOTO,"",,0dafe3ab-effa-4d98-b17a-ed085eb3e5d5,,no
NO_LOCAL_PHOTO,"",,0df954e4-fa5d-4563-a775-cf02346ceaa1,,no
NO_LOCAL_PHOTO,"",,0e29d5fc-2a96-48d5-bc31-1547252b09b5,,no
NO_LOCAL_PHOTO,"",,1042b20f-ab41-4fb4-9562-4bd343281314,,no
NO_LOCAL_PHOTO,"",,12447bf5-8062-45a8-9563-b9f8dfa5b504,,no
NO_LOCAL_PHOTO,"",,12924e3a-a8f0-4e0a-aa55-5521c131ef38,,no
NO_LOCAL_PHOTO,"",,12b456c0-7cab-80d5-868d-e97bce07c73a,,no
NO_LOCAL_PHOTO,"",,1301f6bd-934b-48be-a82a-1e9a8e26e4ec,,no
NO_LOCAL_PHOTO,"",,1355d82c-e5d7-4bb1-ba9b-339e4609ad53,,no
NO_LOCAL_PHOTO,"",,13b9ceb1-8747-4eeb-a19b-56270a7d5c38,,no
NO_LOCAL_PHOTO,"",,13bbc447-ce16-40e6-b88b-d4fde42b1ac2,,no
NO_LOCAL_PHOTO,"",,144d30dd-246b-4610-bbac-cbea544def7f,,no
NO_LOCAL_PHOTO,"",,148799e7-6b67-4319-a11c-db7aa2ea5d0e,,no
NO_LOCAL_PHOTO,"",,14dcf2e1-9b1e-4e7a-b09a-0191873fa874,,no
NO_LOCAL_PHOTO,"",,151b1ead-7ca5-4dd0-bedb-ab182a0acf76,,no
NO_LOCAL_PHOTO,"",,1564b47f-0354-45fe-bfaf-245d02ab0b2b,,no
NO_LOCAL_PHOTO,"",,15a484eb-3ffd-471c-bdb8-5bd5b65b0258,,no
NO_LOCAL_PHOTO,"",,15cd9c99-a796-4fc2-bab9-457596dd9cd9,,no
NO_LOCAL_PHOTO,"",,163b54cb-a91a-4338-865b-c92878d5d314,,no
NO_LOCAL_PHOTO,"",,16f3d4a5-4559-435e-9e1a-c7a4405c3fed,,no
NO_LOCAL_PHOTO,"",,16fe7e8d-1b1f-43fc-a081-c7ee426af654,,no
NO_LOCAL_PHOTO,"",,178a3d44-3f83-43ae-af91-a05f1161e3be,,no
NO_LOCAL_PHOTO,"",,17cb0da1-7dac-4f07-88a2-1a510e28a483,,no
NO_LOCAL_PHOTO,"",,17e4a055-42a2-4358-a4ef-215954530072,,no
NO_LOCAL_PHOTO,"",,1890db2e-e706-4683-a79e-a3bc7d652e98,,no
NO_LOCAL_PHOTO,"",,18d50a6f-6c00-40b1-b39b-449e060d76e6,,no
NO_LOCAL_PHOTO,"",,193c2a1b-f37a-4faa-9b64-811ed406d3c4,,no
NO_LOCAL_PHOTO,"",,1a94aca7-f7b8-431f-979a-66c83ae0e194,,no
NO_LOCAL_PHOTO,"",,1c4f0066-07dd-434d-b692-62df67135296,,no
NO_LOCAL_PHOTO,"",,1c61b173-c90c-4035-8a0a-fa12412bbc75,,no
NO_LOCAL_PHOTO,"",,1caad71c-0129-4359-b491-3327ac208b0b,,no
NO_LOCAL_PHOTO,"",,1d0c35bb-9891-4fd0-b9aa-70631f87e66e,,no
NO_LOCAL_PHOTO,"",,1d22466a-8411-44e3-9de6-8f54223cc9f2,,no
NO_LOCAL_PHOTO,"",,1d9af4d6-f059-40f4-bbac-ad5d709eaffd,,no
NO_LOCAL_PHOTO,"",,1e1761e2-de9e-4ff3-ba34-f470931e52d5,,no
NO_LOCAL_PHOTO,"",,1e584ca3-8ad1-4f6f-823a-8e998cd90730,,no
NO_LOCAL_PHOTO,"",,1e661b0f-7e7b-4d62-9ce0-77cc6882064c,,no
NO_LOCAL_PHOTO,"",,1e9a2137-de3f-47d0-8c61-256478000e09,,no
NO_LOCAL_PHOTO,"",,1ed65984-8faf-4f4d-b5ba-a88c475bbb1b,,no
NO_LOCAL_PHOTO,"",,1ee2a619-6f55-4ec8-aefa-ee5fabc53401,,no
NO_LOCAL_PHOTO,"",,1eec6b8b-44e2-4609-93c3-e75ac437fcd7,,no
NO_LOCAL_PHOTO,"",,1efa8636-eec2-4c73-8fe1-eeef70568a9f,,no
NO_LOCAL_PHOTO,"",,1f367db5-1a04-403a-acfc-c0806cbeb44f,,no
NO_LOCAL_PHOTO,"",,1fbfb3f2-09bd-41e4-b9a7-2428edea14f0,,no
NO_LOCAL_PHOTO,"",,1fe006ac-2747-4164-9072-2770df48be72,,no
NO_LOCAL_PHOTO,"",,1fff3d38-26aa-4def-8324-c5ba9c583e5e,,no
NO_LOCAL_PHOTO,"",,215a780d-2075-4ecb-98aa-dfcc14f80dd6,,no
NO_LOCAL_PHOTO,"",,21df6585-d753-41bd-bae9-277c05f5bf94,,no
NO_LOCAL_PHOTO,"",,21e1c040-b52c-491d-8fd8-d6672e32b616,,no
NO_LOCAL_PHOTO,"",,22d10f40-69f8-4700-b824-e4469a9d044b,,no
NO_LOCAL_PHOTO,"",,237456c0-7cab-80a8-a699-de3ed60252ca,,no
NO_LOCAL_PHOTO,"",,237b2223-3146-4383-b8ed-a8881c7e6136,,no
NO_LOCAL_PHOTO,"",,24652f64-75b6-4c83-907c-b00bf2c042cc,,no
NO_LOCAL_PHOTO,"",,25691426-93a1-4fea-9435-37b79dd4e832,,no
NO_LOCAL_PHOTO,"",,25c2c8d5-75ed-4e2f-840a-06bf92e34a69,,no
NO_LOCAL_PHOTO,"",,260a2a3e-5509-4217-9c04-b89e958be5ff,,no
NO_LOCAL_PHOTO,"",,2614f1bc-a9b1-4874-90c0-d2ad5babcdd2,,no
NO_LOCAL_PHOTO,"",,26d3d3f2-c57b-4e83-9de3-2a5dc9cc6a48,,no
NO_LOCAL_PHOTO,"",,26e3bc06-463c-4750-9022-4b31073ae263,,no
NO_LOCAL_PHOTO,"",,28831a3c-2460-4ce9-8781-7d3a9b35e5b3,,no
NO_LOCAL_PHOTO,"",,29148c3e-29f9-4d11-99c6-cae4e1e6e004,,no
NO_LOCAL_PHOTO,"",,29738cb9-f4fe-4cf8-b1c0-43d5dfcad153,,no
NO_LOCAL_PHOTO,"",,2981ec7a-9769-4c8c-98d1-3db4de8e02d4,,no
NO_LOCAL_PHOTO,"",,29a5c793-820b-4541-aab8-72743883c3f0,,no
NO_LOCAL_PHOTO,"",,2a16fe61-4647-4e9d-9ce0-2dfc16293202,,no
NO_LOCAL_PHOTO,"",,2a92588e-9caf-46cd-9e0e-6fc9ee588adc,,no
NO_LOCAL_PHOTO,"",,2c5f3363-2e0c-489c-8fc1-30b93efd7c79,,no
NO_LOCAL_PHOTO,"",,2cb70e90-115b-45ec-8bd0-61bfcb6ec00f,,no
NO_LOCAL_PHOTO,"",,2d19ab0c-a06b-476f-b30d-5c24994d0701,,no
NO_LOCAL_PHOTO,"",,2db93b9d-b9fb-42b6-a57f-40123356aaed,,no
NO_LOCAL_PHOTO,"",,2f5bf6a5-6c00-41e8-b233-29db3fd3ce18,,no
NO_LOCAL_PHOTO,"",,30f11627-57ca-4beb-9cad-f843d94673cf,,no
NO_LOCAL_PHOTO,"",,318a05e8-9b36-4cd4-a9bf-132931f876f6,,no
NO_LOCAL_PHOTO,"",,318e1b63-9a24-47f6-afad-157d9b4be1ca,,no
NO_LOCAL_PHOTO,"",,3193fff4-1ed1-4d0e-9da8-d6058584c6cb,,no
NO_LOCAL_PHOTO,"",,328ce0b6-c0cf-43e5-bb40-e114aa0218dc,,no
NO_LOCAL_PHOTO,"",,3366f68c-179c-4380-8469-81d0a5e28b42,,no
NO_LOCAL_PHOTO,"",,33d72cdc-42fb-4041-aaa1-b1b5fa10a8a0,,no
NO_LOCAL_PHOTO,"",,3453b476-5e6d-4c15-99ca-c2fdb747f37f,,no
NO_LOCAL_PHOTO,"",,363cf99e-3004-4deb-be97-a2f336640728,,no
NO_LOCAL_PHOTO,"",,3684e9b9-9892-4eba-bfa8-4dc47618c27b,,no
NO_LOCAL_PHOTO,"",,370c4c7c-7098-493f-a9e2-fe90b109db2a,,no
NO_LOCAL_PHOTO,"",,3776c945-6b64-4a51-b0cf-ef1d6ccf6cfa,,no
NO_LOCAL_PHOTO,"",,377809bc-ddbc-4a6c-80ef-130bdc5be19b,,no
NO_LOCAL_PHOTO,"",,3778db2d-4660-4a96-8d77-91e7f4581622,,no
NO_LOCAL_PHOTO,"",,37a0dc97-a1f6-4ecf-805d-f2db54b81e06,,no
NO_LOCAL_PHOTO,"",,37a18c62-f564-42d2-bf37-3a8021135c8b,,no
NO_LOCAL_PHOTO,"",,380d27d9-761c-4132-8a5e-ecb82b529167,,no
NO_LOCAL_PHOTO,"",,3819bc1f-4176-4464-b41c-94cf46fee8e4,,no
NO_LOCAL_PHOTO,"",,381c2f03-0005-4500-8ff5-bbde37e4a7c0,,no
NO_LOCAL_PHOTO,"",,382ee810-57ca-42b0-911b-6be1501fb6d5,,no
NO_LOCAL_PHOTO,"",,387fa885-2d1e-402e-bffd-b8d07868e5ae,,no
NO_LOCAL_PHOTO,"",,38c87df1-1665-4752-90eb-f1f332d3bee5,,no
NO_LOCAL_PHOTO,"",,38faf3f0-6d76-4489-b457-66cb41b6fdbc,,no
NO_LOCAL_PHOTO,"",,3901ee42-d769-4f36-bd85-857f56e4c8f2,,no
NO_LOCAL_PHOTO,"",,390d4424-fc99-44d0-9c49-5969b66e7e20,,no
NO_LOCAL_PHOTO,"",,3917fa93-005c-4c39-b882-115d9001300d,,no
NO_LOCAL_PHOTO,"",,3a4739c1-c2b2-4186-88d9-8bece74be34f,,no
NO_LOCAL_PHOTO,"",,3b25eda5-ae64-4a29-96ee-9b3a840e6e69,,no
NO_LOCAL_PHOTO,"",,3b372e25-2bdc-420c-856d-30a66e9c6efa,,no
NO_LOCAL_PHOTO,"",,3bd51ab8-fef8-4be1-b954-99c16d3d9c3d,,no
NO_LOCAL_PHOTO,"",,3d2c94d2-a162-4e6c-a608-9be8bbf10b43,,no
NO_LOCAL_PHOTO,"",,3d3b1e9b-ab01-4fa2-af60-873154ce21c7,,no
NO_LOCAL_PHOTO,"",,3e1a802d-cc07-4399-85dc-4f68c581006d,,no
NO_LOCAL_PHOTO,"",,3eda924b-dabd-4ef3-8698-20ad6cb9e817,,no
NO_LOCAL_PHOTO,"",,403af039-7826-4897-9952-f135ac7ac6a8,,no
NO_LOCAL_PHOTO,"",,40411c36-7d4f-4156-8524-3266eb406f74,,no
NO_LOCAL_PHOTO,"",,4172072a-8152-4626-a7d0-2e6db6737a7f,,no
NO_LOCAL_PHOTO,"",,4265f1cf-0e1f-4c52-b609-76aafe248a4b,,no
NO_LOCAL_PHOTO,"",,4282cfba-9710-4545-8545-cf208412c32f,,no
NO_LOCAL_PHOTO,"",,4285f652-b7b1-42a2-9ca9-28e3b7781a33,,no
NO_LOCAL_PHOTO,"",,4301352c-22a8-4a6d-a9f7-450546bee4ae,,no
NO_LOCAL_PHOTO,"",,431c719c-aeb7-4993-9348-511939fa8112,,no
NO_LOCAL_PHOTO,"",,432d76e6-46a5-4543-88b5-248ab23b89b0,,no
NO_LOCAL_PHOTO,"",,43b63a5e-484a-4ee5-ad03-22b2c6330e33,,no
NO_LOCAL_PHOTO,"",,43d16878-2aa2-46ea-b098-87f3adbf7481,,no
NO_LOCAL_PHOTO,"",,4434699e-ef00-4a2f-93f5-c07caca7d616,,no
NO_LOCAL_PHOTO,"",,4449f1dc-73e2-41c3-b133-fe31b502ee57,,no
NO_LOCAL_PHOTO,"",,445b57be-306a-42fe-b0df-471f1c7ac3c3,,no
NO_LOCAL_PHOTO,"",,4510211a-dbd5-457f-82a0-4b5e807ad946,,no
NO_LOCAL_PHOTO,"",,468648ff-f573-4b53-8757-d0bdfc709cda,,no
NO_LOCAL_PHOTO,"",,46fda650-fcd4-4359-8be5-2b7abb8eb892,,no
NO_LOCAL_PHOTO,"",,4751fb11-9679-48d5-9264-7235f0cb7fa7,,no
NO_LOCAL_PHOTO,"",,480bcf44-207d-40cb-8dbd-0d9d23b8fec2,,no
NO_LOCAL_PHOTO,"",,4814dc8e-7ef1-45d2-bc17-f0540bdbf381,,no
NO_LOCAL_PHOTO,"",,489ddf9c-4978-417e-807a-d336f25cf529,,no
NO_LOCAL_PHOTO,"",,4972269a-9e95-423e-869f-9de1df292733,,no
NO_LOCAL_PHOTO,"",,4b066702-db9d-4988-8225-5344051a8ff8,,no
NO_LOCAL_PHOTO,"",,4b208b34-164e-4873-9789-2a276c070c6d,,no
NO_LOCAL_PHOTO,"",,4bab181a-134e-4e8e-93bf-9d68e1ba48a0,,no
NO_LOCAL_PHOTO,"",,4bd1998e-5951-479e-8d20-45148c9d3472,,no
NO_LOCAL_PHOTO,"",,4c0158cd-b39a-48e2-b8be-932c59190591,,no
NO_LOCAL_PHOTO,"",,4c1bfe77-cde6-4534-8a99-fd672be29022,,no
NO_LOCAL_PHOTO,"",,4c2bce2c-df83-4c97-8dbe-64bbf272316b,,no
NO_LOCAL_PHOTO,"",,4c521212-6cc3-4508-9e9c-e294461a3fea,,no
NO_LOCAL_PHOTO,"",,4ccc722f-c745-43a9-a03c-0a7d80dc2db5,,no
NO_LOCAL_PHOTO,"",,4d9a60cc-7c2a-4229-aa44-a5897f4eb223,,no
NO_LOCAL_PHOTO,"",,4e11a447-88f8-40d5-b4ba-bea059264050,,no
NO_LOCAL_PHOTO,"",,4e17cd2c-6278-4d2a-afec-87ffc3208f44,,no
NO_LOCAL_PHOTO,"",,4f1c5e65-6d91-49d4-b94c-71c5982c6987,,no
NO_LOCAL_PHOTO,"",,4f63fc27-8995-48af-9b2d-b82168850539,,no
NO_LOCAL_PHOTO,"",,4fd1eb35-c512-4737-8ab0-b7772b8a9d7e,,no
NO_LOCAL_PHOTO,"",,505a7a45-e25a-4898-9e9e-e4f9e0413f33,,no
NO_LOCAL_PHOTO,"",,5102904a-ae04-4e24-91a4-1589e4f1129b,,no
NO_LOCAL_PHOTO,"",,51f51bab-322b-49e6-b63b-9bafcef4a08d,,no
NO_LOCAL_PHOTO,"",,51ff3f14-734c-4365-b870-7ae7c24eaccc,,no
NO_LOCAL_PHOTO,"",,52002b14-d8b2-4a31-bc6f-d2426b37c857,,no
NO_LOCAL_PHOTO,"",,521677bd-53e7-4e65-bcff-e7fae4fc5c7e,,no
NO_LOCAL_PHOTO,"",,522404ad-d746-4167-94b0-ab7597d41457,,no
NO_LOCAL_PHOTO,"",,5255adf6-e5c2-44e9-9f09-4dda6024049a,,no
NO_LOCAL_PHOTO,"",,538b294d-ac5c-4d8b-ad4d-6785e8533660,,no
NO_LOCAL_PHOTO,"",,53a460ff-06dd-4736-96cc-58280a5836f6,,no
NO_LOCAL_PHOTO,"",,5551e2d8-11c8-4d9d-8f8d-5485d99485ec,,no
NO_LOCAL_PHOTO,"",,559bc61a-a564-48a6-98d4-44159009d549,,no
NO_LOCAL_PHOTO,"",,55dc27a7-8fa5-4148-9643-da990ff42a24,,no
NO_LOCAL_PHOTO,"",,56129e20-a0e0-4a33-b2cb-110140f0f713,,no
NO_LOCAL_PHOTO,"",,56419596-5625-49aa-84e7-36c240f4667f,,no
NO_LOCAL_PHOTO,"",,56929e53-6501-4e0b-b643-b0d79fa01c8a,,no
NO_LOCAL_PHOTO,"",,56e11d6d-f7e9-4e3c-b1ed-69004c2bd622,,no
NO_LOCAL_PHOTO,"",,57a5bea7-d317-488e-9af8-f7406e2c5714,,no
NO_LOCAL_PHOTO,"",,57be715b-8ae3-4647-92c3-7e03996e5a19,,no
NO_LOCAL_PHOTO,"",,58a20016-532c-4b61-8ca9-c833d7d58875,,no
NO_LOCAL_PHOTO,"",,5999fc9c-053e-4940-ac26-6bfe6b467b0c,,no
NO_LOCAL_PHOTO,"",,59e2f82a-42c0-45e1-9a81-cdb42b91cd53,,no
NO_LOCAL_PHOTO,"",,5a1ad586-a0b9-4c25-a012-aefdb86c99ae,,no
NO_LOCAL_PHOTO,"",,5b630a65-12ef-479a-a238-922ede018a68,,no
NO_LOCAL_PHOTO,"",,5bc4d181-286e-425f-8e00-ed7df57f0eea,,no
NO_LOCAL_PHOTO,"",,5c908ce8-65d9-47e0-95ed-7ed88f8f6b2c,,no
NO_LOCAL_PHOTO,"",,5cd3b643-d3b9-4944-82e5-e31f3e0c6def,,no
NO_LOCAL_PHOTO,"",,5ce94ec8-b876-4aae-9ac1-05d69c397fe8,,no
NO_LOCAL_PHOTO,"",,5d8027dc-9db7-485b-a3af-be906c6dfc62,,no
NO_LOCAL_PHOTO,"",,5e4c2404-917c-41a3-aac1-b8f9dca316b0,,no
NO_LOCAL_PHOTO,"",,5ed6f30d-0d39-4c7d-a132-8cdb663723dd,,no
NO_LOCAL_PHOTO,"",,5f02cf66-0243-471e-a63e-761c93671e49,,no
NO_LOCAL_PHOTO,"",,5f638ac0-b62b-448d-bf6b-656f0dd85a85,,no
NO_LOCAL_PHOTO,"",,5f7b22ed-e305-46b1-b3fd-37a7bbbe64f6,,no
NO_LOCAL_PHOTO,"",,5fc86aa3-181d-41d4-8159-8594f92b6a7a,,no
NO_LOCAL_PHOTO,"",,6003f33e-80db-4d30-adaa-06922d4b2e19,,no
NO_LOCAL_PHOTO,"",,61ff8666-8b4b-42e0-8bb3-b85efcf70251,,no
NO_LOCAL_PHOTO,"",,6209c532-b6b9-410c-bbcb-078ee3826bd1,,no
NO_LOCAL_PHOTO,"",,64125ae0-80eb-4223-97b7-08530e676b35,,no
NO_LOCAL_PHOTO,"",,6515b2af-9ff4-42fb-9a9d-031ebbe94472,,no
NO_LOCAL_PHOTO,"",,653a6ec6-7324-4c33-9997-8a47767c79a4,,no
NO_LOCAL_PHOTO,"",,65728395-720a-4bab-b3a6-ca5091c948dc,,no
NO_LOCAL_PHOTO,"",,65e9aa1b-e6c6-4dbf-a158-8c5636d2f66e,,no
NO_LOCAL_PHOTO,"",,65f066d6-e8b2-458d-833d-2dc2e561cefb,,no
NO_LOCAL_PHOTO,"",,678cb858-2664-46e6-90a1-6c2669f2954b,,no
NO_LOCAL_PHOTO,"",,6804d174-eeae-49b4-9ce3-32b1365796b2,,no
NO_LOCAL_PHOTO,"",,684d3a6c-72d2-4c8e-b849-ca72689902b5,,no
NO_LOCAL_PHOTO,"",,68654d7f-0e58-43ae-9f59-dbf702d7e988,,no
NO_LOCAL_PHOTO,"",,68998338-2d18-4bc9-bcfa-998c9e532140,,no
NO_LOCAL_PHOTO,"",,697912ab-b3ed-4ca9-bfb6-ea74c01d21ec,,no
NO_LOCAL_PHOTO,"",,698ed450-009b-402e-b7cc-d6c5e3c9f1fc,,no
NO_LOCAL_PHOTO,"",,6afe6ba6-17e8-4c29-9ad7-b2d9514fd4a2,,no
NO_LOCAL_PHOTO,"",,6c43c3d3-ae26-4aab-9a1d-7d98f13d61ca,,no
NO_LOCAL_PHOTO,"",,6c4a9b91-39b1-451e-91b5-64e2e564bfd1,,no
NO_LOCAL_PHOTO,"",,6ca2a1be-3116-4219-82f0-f6f1f7904b50,,no
NO_LOCAL_PHOTO,"",,6d356616-2eb3-493d-a391-a0d10c57638c,,no
NO_LOCAL_PHOTO,"",,6d5b7daa-cc55-420d-a447-5bbf07fdf367,,no
NO_LOCAL_PHOTO,"",,6d632774-3640-4f89-8d02-1d3c2be048ea,,no
NO_LOCAL_PHOTO,"",,6df682ef-bdab-432c-9eb1-5cc1ee9fe153,,no
NO_LOCAL_PHOTO,"",,6e2d9826-f779-42a3-87aa-61e2c51d8744,,no
NO_LOCAL_PHOTO,"",,6f1bb0c0-7110-4e97-9afa-46b7bbfbb411,,no
NO_LOCAL_PHOTO,"",,6f32278a-5168-42ae-a36a-a95d43118945,,no
NO_LOCAL_PHOTO,"",,708b1b34-986b-43a0-92c6-7ecdf74b33e8,,no
NO_LOCAL_PHOTO,"",,709b609c-971a-476a-a5c8-d97f5b87a654,,no
NO_LOCAL_PHOTO,"",,70b51ea3-6db4-4542-b6af-d00d9326a14e,,no
NO_LOCAL_PHOTO,"",,70cadcd4-9c6c-40e5-96ba-4f2a74eec111,,no
NO_LOCAL_PHOTO,"",,714ebd74-181d-4632-badc-bccfe92802b8,,no
NO_LOCAL_PHOTO,"",,71d1a896-70d3-4744-b972-573103c79a47,,no
NO_LOCAL_PHOTO,"",,71f0fa28-7c6e-4071-aeb6-6ad080e6d9f4,,no
NO_LOCAL_PHOTO,"",,71f6dd41-0d71-4c86-b458-0d7e85390d3d,,no
NO_LOCAL_PHOTO,"",,72402971-1ab7-4d3c-9a98-024ad08210b8,,no
NO_LOCAL_PHOTO,"",,725f7b67-6119-4634-82f8-54ee0703b995,,no
NO_LOCAL_PHOTO,"",,7266f4d2-6b39-4279-a14f-634cffbee1bb,,no
NO_LOCAL_PHOTO,"",,7295f1a5-c740-4e0d-bce9-63468f925f47,,no
NO_LOCAL_PHOTO,"",,72cc64ea-a33f-44e1-8b58-a834bad991dc,,no
NO_LOCAL_PHOTO,"",,73ba5b1e-73d0-4f16-ab6b-533b5ce1c976,,no
NO_LOCAL_PHOTO,"",,75b01641-5365-407e-bbfe-3d713796d9a9,,no
NO_LOCAL_PHOTO,"",,75d94316-f212-4f68-9593-19cc2b5c026a,,no
NO_LOCAL_PHOTO,"",,77a353d7-3d8b-4201-80f9-b27703f82d47,,no
NO_LOCAL_PHOTO,"",,77b5371e-8197-4591-8b7b-bc59a70b63f4,,no
NO_LOCAL_PHOTO,"",,77e3ed55-39c4-4c37-85bb-ad0ad1ebeefb,,no
NO_LOCAL_PHOTO,"",,79490db9-5d8f-48ca-a5e7-3e30009535c4,,no
NO_LOCAL_PHOTO,"",,7a3cbf22-c5a5-48e4-adac-73a9125c3e06,,no
NO_LOCAL_PHOTO,"",,7a47e2d2-e2a6-434a-a694-7c4622c465dc,,no
NO_LOCAL_PHOTO,"",,7a48dea1-7f52-4be4-8f4b-a519892999d9,,no
NO_LOCAL_PHOTO,"",,7aeb4745-eab4-4b40-82af-68a8dba5b4e5,,no
NO_LOCAL_PHOTO,"",,7b089e92-8c85-42c2-85a7-260187a9d9a2,,no
NO_LOCAL_PHOTO,"",,7b177b7e-b2f6-4b86-a73f-aa0545b4767e,,no
NO_LOCAL_PHOTO,"",,7bba1de5-a46f-4723-b07f-57467c1a6beb,,no
NO_LOCAL_PHOTO,"",,7bcd8c4c-66db-445e-9e78-b894d03837db,,no
NO_LOCAL_PHOTO,"",,7c1eaf39-cc2f-4f75-991e-7df8883daf24,,no
NO_LOCAL_PHOTO,"",,7c5a589d-47c8-4b16-8d91-a7f1f37e6ca1,,no
NO_LOCAL_PHOTO,"",,7d5c43ba-b575-441d-891b-1a7035ce31fa,,no
NO_LOCAL_PHOTO,"",,7d7dba67-d30c-4d0b-869b-bbef413fc296,,no
NO_LOCAL_PHOTO,"",,7f340f35-1ae2-4f5f-acaf-2a8a864afe8c,,no
NO_LOCAL_PHOTO,"",,7f3c11cc-a95f-4e17-825b-556b7a5c9f8c,,no
NO_LOCAL_PHOTO,"",,7fe829c9-ba06-4f67-85a5-3f4e1cecb46d,,no
NO_LOCAL_PHOTO,"",,80624b01-8aa6-482e-8a55-2bfd97e94c65,,no
NO_LOCAL_PHOTO,"",,80b09e3f-5577-46da-89df-f50fc08f6292,,no
NO_LOCAL_PHOTO,"",,80f0e42a-18a6-4695-be89-33cbe57c27d2,,no
NO_LOCAL_PHOTO,"",,8144b9f0-8232-4a11-ab8a-70b921108a1d,,no
NO_LOCAL_PHOTO,"",,81951c74-87a5-484d-8caa-e790c2732604,,no
NO_LOCAL_PHOTO,"",,81accff2-95ed-47b4-a774-c8041a491af8,,no
NO_LOCAL_PHOTO,"",,828d7795-395d-4665-8440-4ce220f5395c,,no
NO_LOCAL_PHOTO,"",,82c7c97c-0c0f-4458-b67b-9b0d882c4b8d,,no
NO_LOCAL_PHOTO,"",,8359c8b5-5cb9-45fd-beeb-c0c0705714ff,,no
NO_LOCAL_PHOTO,"",,83d15e45-e684-49da-b4b5-0a3c138c4b70,,no
NO_LOCAL_PHOTO,"",,84716b05-3495-4b72-b55e-65a9c5a7bb53,,no
NO_LOCAL_PHOTO,"",,85065af2-5105-464b-8b0e-aea1e224ac7e,,no
NO_LOCAL_PHOTO,"",,8536ee3f-bd62-4457-aad9-7c460660431d,,no
NO_LOCAL_PHOTO,"",,85a0bdfa-a9ef-44cd-967c-f0c20da0200c,,no
NO_LOCAL_PHOTO,"",,861a174c-bdd2-4651-9401-4d08ed38e252,,no
NO_LOCAL_PHOTO,"",,864af74d-923c-44b5-b321-722e87ec9718,,no
NO_LOCAL_PHOTO,"",,864cdff6-2afc-4775-9965-5a698db43c8d,,no
NO_LOCAL_PHOTO,"",,8650be12-80f9-4869-b73d-b13aa5cc6826,,no
NO_LOCAL_PHOTO,"",,86553c86-e165-4cdd-b4de-16681d47fd9c,,no
NO_LOCAL_PHOTO,"",,86ad24e2-3871-46ca-9b42-8ed1f3243856,,no
NO_LOCAL_PHOTO,"",,877993c9-4863-49cf-a6d8-1a0c1b397106,,no
NO_LOCAL_PHOTO,"",,879c272a-bb30-4cbf-a0ea-2b7ac1f2147b,,no
NO_LOCAL_PHOTO,"",,8937af01-f848-49ce-be7b-c54e3147bb6e,,no
NO_LOCAL_PHOTO,"",,8940a58d-8f53-42b1-8d63-2e2e200e63aa,,no
NO_LOCAL_PHOTO,"",,8968c676-df42-47ec-b666-2eab3f442607,,no
NO_LOCAL_PHOTO,"",,8993ce0c-da23-4110-ae4e-1bfec2ed96a7,,no
NO_LOCAL_PHOTO,"",,89de90b6-bc4d-474c-99e0-328f50271d82,,no
NO_LOCAL_PHOTO,"",,89e48d27-c99d-4347-98a4-41f5c0a709a5,,no
NO_LOCAL_PHOTO,"",,8b226b40-77de-44a7-8bf1-7545202789fd,,no
NO_LOCAL_PHOTO,"",,8b2bc3fa-7285-4746-b6d4-fa1c99b56a86,,no
NO_LOCAL_PHOTO,"",,8b3fd11a-169a-4c59-b82e-4c35549acfbe,,no
NO_LOCAL_PHOTO,"",,8b673cf3-bfec-4e97-a76a-d98acd93813e,,no
NO_LOCAL_PHOTO,"",,8c28027f-c84d-4a94-91f2-c9ae103076b8,,no
NO_LOCAL_PHOTO,"",,8d8f7d70-51d5-44c1-b5e9-9e21bea90417,,no
NO_LOCAL_PHOTO,"",,8e17d459-18b6-4feb-b269-53fa44590742,,no
NO_LOCAL_PHOTO,"",,8e2099c3-1728-4be2-9e2f-0251c6e62144,,no
NO_LOCAL_PHOTO,"",,8e40f7b7-8b6b-499e-a95b-2f3e274929f5,,no
NO_LOCAL_PHOTO,"",,8f8199c0-c042-4e8b-9610-06ce3a229833,,no
NO_LOCAL_PHOTO,"",,8f90ebbe-2c77-44e9-9d9d-13f3ea8cff3f,,no
NO_LOCAL_PHOTO,"",,906b9ac8-a325-41da-83f0-296ec639d1b2,,no
NO_LOCAL_PHOTO,"",,908851d2-83e0-4754-a70d-0119c59f9e30,,no
NO_LOCAL_PHOTO,"",,911405e0-050f-4a13-9d6f-b903bd78a594,,no
NO_LOCAL_PHOTO,"",,923cd94a-f3ac-418c-913e-a520f00aa0fc,,no
NO_LOCAL_PHOTO,"",,9245d25e-2985-43fd-b714-fb7e243e4f2b,,no
NO_LOCAL_PHOTO,"",,92556783-c5bc-4370-9071-6f3f4a4ebd46,,no
NO_LOCAL_PHOTO,"",,92f4d565-cb19-4aa3-b159-5265beda80b7,,no
NO_LOCAL_PHOTO,"",,93a28d90-e8ae-4c76-a043-096cb00a2f84,,no
NO_LOCAL_PHOTO,"",,9518182b-868c-4483-bf1d-df7ba9fbe56b,,no
NO_LOCAL_PHOTO,"",,95eac452-ceae-49d7-8b64-ad04dc00ca5a,,no
NO_LOCAL_PHOTO,"",,96248152-0e17-4991-a90b-7150ad3cf543,,no
NO_LOCAL_PHOTO,"",,966b5824-6ae1-4b62-abba-52cd390408be,,no
NO_LOCAL_PHOTO,"",,96e92718-78de-4f18-ab13-9b94b4f4a6f6,,no
NO_LOCAL_PHOTO,"",,9733628f-8bd3-40f2-9397-b9b75a5d7ef5,,no
NO_LOCAL_PHOTO,"",,9759af66-28ad-466c-ac31-15c836fb91bf,,no
NO_LOCAL_PHOTO,"",,97a8684d-7a5e-4cfa-8fe8-2bdafca80ebc,,no
NO_LOCAL_PHOTO,"",,9a60356c-c273-405f-a150-d2bd106efbbf,,no
NO_LOCAL_PHOTO,"",,9a6b14b4-4534-4ed9-b0b0-5b98f3ae16d1,,no
NO_LOCAL_PHOTO,"",,9aebceb8-4a6d-49ff-a42b-faafda9f2ff8,,no
NO_LOCAL_PHOTO,"",,9bb1091a-1886-4d91-af87-002e0be043fd,,no
NO_LOCAL_PHOTO,"",,9c06f53b-63f3-4dae-8f02-a160931f558f,,no
NO_LOCAL_PHOTO,"",,9c425366-43cd-4759-9e3f-ccaab919362a,,no
NO_LOCAL_PHOTO,"",,9c89fd51-43fd-4638-903e-62cb69b90339,,no
NO_LOCAL_PHOTO,"",,9c9707ce-6f96-468c-82d4-7c27e3c316b2,,no
NO_LOCAL_PHOTO,"",,9e1bc799-9203-4b96-aee0-302ed6073b87,,no
NO_LOCAL_PHOTO,"",,9ec5475a-6fc6-4956-a919-83839d62bb63,,no
NO_LOCAL_PHOTO,"",,9ffa222a-6390-4512-880f-762d8340ef68,,no
NO_LOCAL_PHOTO,"",,a015f002-6e8c-4730-872d-a3fb36ea73e1,,no
NO_LOCAL_PHOTO,"",,a0271ad7-ee11-4024-b87b-6a39a6ea93c3,,no
NO_LOCAL_PHOTO,"",,a02e73c4-46cf-4ae8-a0d0-d0b1df17501a,,no
NO_LOCAL_PHOTO,"",,a15a2e56-35d6-4786-9b76-a81ec0cd4915,,no
NO_LOCAL_PHOTO,"",,a312ebae-1800-4508-9095-b401087a9ae7,,no
NO_LOCAL_PHOTO,"",,a35ef5fa-7cfe-4240-865c-50f384031ccb,,no
NO_LOCAL_PHOTO,"",,a39296fb-8784-49ea-a7c7-07d7cf82e013,,no
NO_LOCAL_PHOTO,"",,a39e6828-0615-4588-9206-9573d0c48615,,no
NO_LOCAL_PHOTO,"",,a3c35feb-fed5-4e31-8fe9-391f9bb13b83,,no
NO_LOCAL_PHOTO,"",,a3d6acd9-8a0f-4699-8e07-bc6c7e61ae39,,no
NO_LOCAL_PHOTO,"",,a5a9155f-ec31-40ef-8f69-02b289ca5837,,no
NO_LOCAL_PHOTO,"",,a6a7648a-2c78-492c-9d5f-3ce2bd26bc41,,no
NO_LOCAL_PHOTO,"",,a6c9440a-d01a-4104-9b2c-fd452435c539,,no
NO_LOCAL_PHOTO,"",,a6f057f3-53bf-4dfe-aba4-23dd2c0a2126,,no
NO_LOCAL_PHOTO,"",,a6f17999-9ca4-4e40-8503-79b424661ba9,,no
NO_LOCAL_PHOTO,"",,a7330e40-7aec-4abb-8d27-9215eccd48df,,no
NO_LOCAL_PHOTO,"",,a757cae5-731b-4866-88fd-457329bfd555,,no
NO_LOCAL_PHOTO,"",,a7b14751-30c2-446d-87dd-09414a00246c,,no
NO_LOCAL_PHOTO,"",,a7ef5b4f-bae7-4057-a266-18341762b9e6,,no
NO_LOCAL_PHOTO,"",,a85899cb-7896-4c80-82bd-97f0e0797592,,no
NO_LOCAL_PHOTO,"",,aa20890d-50bb-48f6-8228-83ff751c9229,,no
NO_LOCAL_PHOTO,"",,aaec5ad7-02b4-48b8-93e6-fb495f1f938f,,no
NO_LOCAL_PHOTO,"",,ab360f74-1485-4096-9a62-691282fa4bb4,,no
NO_LOCAL_PHOTO,"",,abe43232-f392-473f-a7d5-78a030d2becf,,no
NO_LOCAL_PHOTO,"",,acd24d4c-c995-48c9-896c-defe1965aec5,,no
NO_LOCAL_PHOTO,"",,ad890394-d563-4243-b689-877b2a5b5722,,no
NO_LOCAL_PHOTO,"",,ae0d06bd-b107-4bf2-96f6-f05da9edd723,,no
NO_LOCAL_PHOTO,"",,af15d88e-ef65-486b-b6b2-7c4fda28752f,,no
NO_LOCAL_PHOTO,"",,af566b5c-83bc-4bb0-8d67-e25c99851b93,,no
NO_LOCAL_PHOTO,"",,af5c1cf7-505f-42f9-9557-71ab8f0b44a2,,no
NO_LOCAL_PHOTO,"",,af80789c-6d7b-40fd-88d1-0b4923cbf3fc,,no
NO_LOCAL_PHOTO,"",,af868c36-48b8-4b16-8a2b-886c7c1ffc4f,,no
NO_LOCAL_PHOTO,"",,b09aa471-ec48-4903-9ca8-555dc8470edd,,no
NO_LOCAL_PHOTO,"",,b0eb008b-1ac3-473a-a092-05d5889af3f9,,no
NO_LOCAL_PHOTO,"",,b17339bc-1ac4-4cbf-aeec-909afe35f30e,,no
NO_LOCAL_PHOTO,"",,b1b52590-ac28-44f2-82a4-8085cc307f13,,no
NO_LOCAL_PHOTO,"",,b2131d59-d060-44ef-8c82-c33846beacdc,,no
NO_LOCAL_PHOTO,"",,b21ed61d-3704-44ee-a44a-841f5e476669,,no
NO_LOCAL_PHOTO,"",,b2b13407-5175-41ee-911d-bfb5bbc751e2,,no
NO_LOCAL_PHOTO,"",,b2ff0e0f-f748-42fd-a4ed-e7fc7c4bc321,,no
NO_LOCAL_PHOTO,"",,b480313c-1404-4eb0-8435-eae0f1c43161,,no
NO_LOCAL_PHOTO,"",,b555aa75-936a-48d0-84e9-3cb28be034b8,,no
NO_LOCAL_PHOTO,"",,b5885c66-bbf1-4c0e-9ae6-d18bdf52ebe7,,no
NO_LOCAL_PHOTO,"",,b6864113-d43b-4d06-88d5-a45050078a12,,no
NO_LOCAL_PHOTO,"",,b6913c6d-c779-4470-bd4e-475ad1c2da42,,no
NO_LOCAL_PHOTO,"",,b7b8f9a4-32e7-48e0-83be-2c9b6b2ffa0b,,no
NO_LOCAL_PHOTO,"",,b832f734-5a2a-409b-a895-ebb76798f018,,no
NO_LOCAL_PHOTO,"",,b84b2977-12a6-4bf4-9a83-14bc20e76012,,no
NO_LOCAL_PHOTO,"",,b88eb429-0760-4d5f-b39c-e288ba1ae935,,no
NO_LOCAL_PHOTO,"",,b908235b-49f7-48ce-b5a0-0364ef087638,,no
NO_LOCAL_PHOTO,"",,b91e9951-73b5-464b-af2f-cf3903111238,,no
NO_LOCAL_PHOTO,"",,b9250c91-e8e5-4c20-ab12-6105714c9664,,no
NO_LOCAL_PHOTO,"",,b99c3793-a77a-47f0-9210-c7dafe7c4fb2,,no
NO_LOCAL_PHOTO,"",,ba90506f-126b-4df7-8e3d-91d853897342,,no
NO_LOCAL_PHOTO,"",,baab1b3c-3a0c-4eb0-8634-94d85768adcd,,no
NO_LOCAL_PHOTO,"",,bb29c73e-a981-486d-bf7f-2841ba9f8ad9,,no
NO_LOCAL_PHOTO,"",,bc03aa87-489e-43c8-94f5-ab7c1a8424b6,,no
NO_LOCAL_PHOTO,"",,bc2410c0-d4a3-40eb-bbe8-9490903afe4a,,no
NO_LOCAL_PHOTO,"",,bc265630-eadb-4ab4-a25b-0a56216f0d40,,no
NO_LOCAL_PHOTO,"",,bc56233d-a395-4107-af8e-ee10cf8c1093,,no
NO_LOCAL_PHOTO,"",,bc92abac-9aeb-461d-ace8-0710594ef29c,,no
NO_LOCAL_PHOTO,"",,bc9d666f-fffc-470e-97ad-ab2a8c0c1241,,no
NO_LOCAL_PHOTO,"",,bcfd2480-f2e3-48e1-8e9e-5235d894ad87,,no
NO_LOCAL_PHOTO,"",,bcfe38ee-a422-40c0-8bc1-08d88e70d172,,no
NO_LOCAL_PHOTO,"",,bd557833-a2e0-4ac2-a34e-b6ae70c8dbee,,no
NO_LOCAL_PHOTO,"",,bd75789e-2de5-45e1-8a13-efc1d328f84b,,no
NO_LOCAL_PHOTO,"",,bde9e8da-0870-4e85-af7e-f9318619dcec,,no
NO_LOCAL_PHOTO,"",,be1919cc-df2f-492d-95eb-37d6c2f8caa7,,no
NO_LOCAL_PHOTO,"",,be41f3c6-d357-4d7d-aebb-262ef437bc70,,no
NO_LOCAL_PHOTO,"",,be6077ed-6cc8-4ecb-a8e0-4268251dec84,,no
NO_LOCAL_PHOTO,"",,be944e4d-ef1a-48a7-9994-d162e5ec5ec4,,no
NO_LOCAL_PHOTO,"",,bea82ba8-a673-463b-9920-9e8eb5d4fd6c,,no
NO_LOCAL_PHOTO,"",,befd84df-c454-4356-9087-a74374380cd1,,no
NO_LOCAL_PHOTO,"",,bf6c0090-24ab-4d78-afc9-a648fab9ec79,,no
NO_LOCAL_PHOTO,"",,c03a7333-d0ef-45eb-b025-62c4241ab210,,no
NO_LOCAL_PHOTO,"",,c124b671-1c33-41b7-8b74-864f9b9f2386,,no
NO_LOCAL_PHOTO,"",,c14a0808-0ba0-4aec-ba8f-08a3cfb2ad19,,no
NO_LOCAL_PHOTO,"",,c201a9a4-8deb-4dba-8307-dbce3a031103,,no
NO_LOCAL_PHOTO,"",,c20d3805-7ca7-42fb-8f2d-5ad28f62a159,,no
NO_LOCAL_PHOTO,"",,c2eebc82-7759-441d-a007-832d8f874d49,,no
NO_LOCAL_PHOTO,"",,c329c70b-8b12-4b4f-9532-38e4cd9c6c76,,no
NO_LOCAL_PHOTO,"",,c3677fd8-4d5d-42bb-90cb-1f198e29b978,,no
NO_LOCAL_PHOTO,"",,c383aa50-3c51-454e-8443-be366bd5d667,,no
NO_LOCAL_PHOTO,"",,c4291d10-b8d5-401e-ae8b-c11c7c8d4636,,no
NO_LOCAL_PHOTO,"",,c5c4eaf6-8942-449f-a9e5-dac2a50ca22d,,no
NO_LOCAL_PHOTO,"",,c5cc03ce-23d9-4dd2-95a0-ad9ab448e4f0,,no
NO_LOCAL_PHOTO,"",,c643195a-8b21-416b-b448-0a90ad3bd476,,no
NO_LOCAL_PHOTO,"",,c6c1d720-c47b-4bbd-a570-7e9aef36e7d9,,no
NO_LOCAL_PHOTO,"",,c6de1345-4900-4684-a71a-976251837073,,no
NO_LOCAL_PHOTO,"",,c6fea306-3ce1-4208-8553-e932c52bf8f7,,no
NO_LOCAL_PHOTO,"",,c70389a6-5535-47b9-bfd8-f69340129d9f,,no
NO_LOCAL_PHOTO,"",,c78e49cf-1db2-457d-894f-bf0e5efee8aa,,no
NO_LOCAL_PHOTO,"",,c7f3340e-0959-49ab-b2a8-0885a4153d89,,no
NO_LOCAL_PHOTO,"",,c80d319c-9634-49b9-8460-3cc45d7595eb,,no
NO_LOCAL_PHOTO,"",,c8428851-9e40-4cdb-90bf-048fa75216fd,,no
NO_LOCAL_PHOTO,"",,c85497c2-e3ea-4dc6-a76d-a8a3161e7b9c,,no
NO_LOCAL_PHOTO,"",,c8963579-46bd-4ca6-a262-d978810715d4,,no
NO_LOCAL_PHOTO,"",,c950612a-6717-45b5-a0d0-c56103e6022c,,no
NO_LOCAL_PHOTO,"",,c97e3e6e-48e3-4af8-9fcb-73d740c31225,,no
NO_LOCAL_PHOTO,"",,ca83721b-a650-4faf-899c-5583f8d97c5d,,no
NO_LOCAL_PHOTO,"",,cb88ad42-6547-4e9e-853f-ddb307b75626,,no
NO_LOCAL_PHOTO,"",,cbd4ede0-8fe5-410e-8c9d-b7efde014b86,,no
NO_LOCAL_PHOTO,"",,cbe11378-59ec-459b-aeb6-0510304b3437,,no
NO_LOCAL_PHOTO,"",,cce6c43c-9f43-4e75-902f-05a724a26f9a,,no
NO_LOCAL_PHOTO,"",,ccf40c3b-f412-4a9e-a0e8-ff618f0fbfc1,,no
NO_LOCAL_PHOTO,"",,cfa650fa-3b3e-4893-8902-965ac6c992c1,,no
NO_LOCAL_PHOTO,"",,d00b3375-990d-4ab0-b088-51825e3804b5,,no
NO_LOCAL_PHOTO,"",,d00b6685-b66b-4c94-ae74-88ca1a0fdc7b,,no
NO_LOCAL_PHOTO,"",,d0197c07-7bb1-4d94-b786-f4b43b16bc68,,no
NO_LOCAL_PHOTO,"",,d036567f-6fe5-43e0-a19c-428fbdd6e91b,,no
NO_LOCAL_PHOTO,"",,d0fff6cb-6e48-4d53-b538-27fdeb3933da,,no
NO_LOCAL_PHOTO,"",,d1544d4e-95f5-42b8-8b1d-f3e2d69fa4f5,,no
NO_LOCAL_PHOTO,"",,d30dbb96-feb7-4da4-91d6-f5574047aec3,,no
NO_LOCAL_PHOTO,"",,d31c7ba5-ae0b-4311-99a9-fb42a6aee9c5,,no
NO_LOCAL_PHOTO,"",,d384e9b5-5247-4b52-8ba5-2e2ab1fab9a8,,no
NO_LOCAL_PHOTO,"",,d43b8594-ea3a-4ed8-a413-c8ef44fca711,,no
NO_LOCAL_PHOTO,"",,d4b5d234-6e16-4f04-a5a3-b0c170ec49da,,no
NO_LOCAL_PHOTO,"",,d544bffc-caef-440f-b7ac-04ed100f0119,,no
NO_LOCAL_PHOTO,"",,d56aa97c-3605-43f9-9dd2-abf369aa76de,,no
NO_LOCAL_PHOTO,"",,d583e329-c45a-4cd3-abbf-933695ca58ef,,no
NO_LOCAL_PHOTO,"",,d58fa8be-a377-44c7-99e4-2992d781e2ec,,no
NO_LOCAL_PHOTO,"",,d5eb07a9-e2fa-455c-82c0-8cf096676ea3,,no
NO_LOCAL_PHOTO,"",,d659b629-6a42-4595-a85c-ee9f069a117d,,no
NO_LOCAL_PHOTO,"",,d678cbc6-4c28-45da-b665-a949dfe2b9a7,,no
NO_LOCAL_PHOTO,"",,d69e2b5e-bbf0-48d3-9490-bd47dd6b81fd,,no
NO_LOCAL_PHOTO,"",,d6e2ad11-875d-4631-8434-8e83f0d0cffb,,no
NO_LOCAL_PHOTO,"",,d6f62c14-9f25-4286-92be-45e28b979980,,no
NO_LOCAL_PHOTO,"",,d7245c26-3139-4cee-8202-ce2ab4f283b6,,no
NO_LOCAL_PHOTO,"",,d756adca-2027-4c11-b1f5-6368b86c7713,,no
NO_LOCAL_PHOTO,"",,d7c4d009-3849-498b-b5fd-8defd8df3cff,,no
NO_LOCAL_PHOTO,"",,d7e3d963-9c84-445e-8173-20376db5b016,,no
NO_LOCAL_PHOTO,"",,d8745721-a09b-41b6-9c4a-ca43f81e1723,,no
NO_LOCAL_PHOTO,"",,d9178e9b-c6f2-4dfb-ab61-9c468d6cf98b,,no
NO_LOCAL_PHOTO,"",,d9283282-7b53-49fc-b098-2f1d57bac1aa,,no
NO_LOCAL_PHOTO,"",,d99c7338-9a0a-416b-ac0c-741a1c0ffc9f,,no
NO_LOCAL_PHOTO,"",,d9be310c-20af-4686-a48e-70dd3a62b603,,no
NO_LOCAL_PHOTO,"",,d9e790b6-282a-4b2c-8a3c-e4f1a54fd292,,no
NO_LOCAL_PHOTO,"",,dac98a3b-ce1a-4037-af1c-0a80c9e6cd43,,no
NO_LOCAL_PHOTO,"",,dadc521c-3bce-4a9f-ab83-68092c58c54c,,no
NO_LOCAL_PHOTO,"",,db4b2371-510c-4bbc-97d2-f380f1db45da,,no
NO_LOCAL_PHOTO,"",,dc4b9146-6b9c-41c2-b2c2-683c436cc765,,no
NO_LOCAL_PHOTO,"",,dc50e1e9-85ee-4693-a9d1-1e7d40fb8953,,no
NO_LOCAL_PHOTO,"",,dc60ba62-8f30-4b16-9f51-421d52fd4dcb,,no
NO_LOCAL_PHOTO,"",,dca0857b-257f-4f61-bf53-70e6740c66fc,,no
NO_LOCAL_PHOTO,"",,dd069e27-bb0f-4626-8fed-1aa5d226aa03,,no
NO_LOCAL_PHOTO,"",,dde4f77c-4510-4646-bef0-48942b333f94,,no
NO_LOCAL_PHOTO,"",,ddfb68b5-0cbb-4a9f-ac74-0972c6119913,,no
NO_LOCAL_PHOTO,"",,de6108d0-da8e-48e6-9d8e-89b43f7f4d9a,,no
NO_LOCAL_PHOTO,"",,de7330c8-f1ce-42ba-9490-c1fcb2d38601,,no
NO_LOCAL_PHOTO,"",,dea50fbb-d688-44ec-8a26-7457b94879cd,,no
NO_LOCAL_PHOTO,"",,dec00e03-a7bd-4e73-bc3d-2effd77fd91c,,no
NO_LOCAL_PHOTO,"",,dec5a440-9efd-4714-ab87-54c9bccd1a86,,no
NO_LOCAL_PHOTO,"",,df0c27c3-b9ab-4290-b89d-159ec60d7524,,no
NO_LOCAL_PHOTO,"",,dfc4bc2d-8933-4665-a212-e403aef4bef2,,no
NO_LOCAL_PHOTO,"",,e010fe7b-19d5-4dc5-bc47-ea9cf7cb5154,,no
NO_LOCAL_PHOTO,"",,e015d932-d055-45b5-875f-5d646fee86d4,,no
NO_LOCAL_PHOTO,"",,e03f64a2-de5e-4296-b665-615b354426ce,,no
NO_LOCAL_PHOTO,"",,e1e6ab21-aeed-45ea-ade3-36e5fb723a0c,,no
NO_LOCAL_PHOTO,"",,e21cbe83-322e-4bed-b9fb-4fd9a4fb8c3e,,no
NO_LOCAL_PHOTO,"",,e4c594f9-b511-4678-adc6-5d3daf936e33,,no
NO_LOCAL_PHOTO,"",,e5a95656-94f4-4da8-9a4f-6f65769445c1,,no
NO_LOCAL_PHOTO,"",,e5aaea56-7ab8-45ac-b497-c3e3396de6cb,,no
NO_LOCAL_PHOTO,"",,e69d03bf-1904-49fb-a6f3-b7bdafee31de,,no
NO_LOCAL_PHOTO,"",,e6fe1087-629f-4517-b9d1-247f8ef18fbe,,no
NO_LOCAL_PHOTO,"",,e7839874-5bea-4856-8700-03a541ba82b9,,no
NO_LOCAL_PHOTO,"",,e7e573b3-b9c5-4a0e-9cc1-ee45303d5eba,,no
NO_LOCAL_PHOTO,"",,e7f8fc46-b9ec-4b29-b6d7-6b3c9b040f98,,no
NO_LOCAL_PHOTO,"",,e885132e-19b5-4925-91ef-97ab2326762e,,no
NO_LOCAL_PHOTO,"",,e889f7a9-b171-428b-a022-92c03c0c51af,,no
NO_LOCAL_PHOTO,"",,e8946ab5-bf06-4e02-9ff0-80c556611313,,no
NO_LOCAL_PHOTO,"",,e9e6c225-f557-4036-914c-d5dae2ec553f,,no
NO_LOCAL_PHOTO,"",,e9ed71c8-c162-477b-92ce-bb1e85166612,,no
NO_LOCAL_PHOTO,"",,ea546e48-2807-47ec-9df6-e02a203028ff,,no
NO_LOCAL_PHOTO,"",,eb38e4a2-cd1d-487b-807b-ddc0a49a5ab2,,no
NO_LOCAL_PHOTO,"",,eb3f5b6f-d408-48c3-8370-0e4f35dc98ed,,no
NO_LOCAL_PHOTO,"",,eba432f2-a5c6-4cec-b819-59b9fa21b43c,,no
NO_LOCAL_PHOTO,"",,ebf01ba7-7c10-42bc-bec3-40f37e9160a6,,no
NO_LOCAL_PHOTO,"",,ec015ada-ce53-4dac-880b-831889695149,,no
NO_LOCAL_PHOTO,"",,ec6e6996-1ddd-4089-a2b3-5ceb7aad3c0c,,no
NO_LOCAL_PHOTO,"",,ee1b71a5-10e2-4b9d-9cdb-79c63654d079,,no
NO_LOCAL_PHOTO,"",,ee6b6322-8ed0-4570-8675-946bc7d0c706,,no
NO_LOCAL_PHOTO,"",,eeaee1cb-e6b5-4e03-a325-304e7dcea837,,no
NO_LOCAL_PHOTO,"",,efa8aa02-6531-483b-b41d-51b101fcffc5,,no
NO_LOCAL_PHOTO,"",,efad4c66-cba0-4b82-90ba-76d8c00eafe4,,no
NO_LOCAL_PHOTO,"",,f19f7872-c8ba-4ed6-bf5b-d9004464b1b2,,no
NO_LOCAL_PHOTO,"",,f1be7d7a-cc18-42ef-b7d3-6c41b8fb092e,,no
NO_LOCAL_PHOTO,"",,f27c6e17-9a04-4a8d-9f34-bd7bfcc39323,,no
NO_LOCAL_PHOTO,"",,f32afe5d-2d7f-4be5-ab8f-0e8f3268b699,,no
NO_LOCAL_PHOTO,"",,f3778194-5dd9-408a-8fbc-e99a14b07442,,no
NO_LOCAL_PHOTO,"",,f387f30c-34e6-4b63-b4f4-eab9f3d11a87,,no
NO_LOCAL_PHOTO,"",,f393777a-5d50-477c-9b26-e6cc49f03d93,,no
NO_LOCAL_PHOTO,"",,f3f814a9-fe91-40a2-96ed-98a06725f3d5,,no
NO_LOCAL_PHOTO,"",,f4026676-78ea-4663-abee-e86e3bb39b68,,no
NO_LOCAL_PHOTO,"",,f4208d30-630a-4283-80ad-29d64404387d,,no
NO_LOCAL_PHOTO,"",,f4c72ae0-7ebc-4ab8-aac9-c9aed88099d9,,no
NO_LOCAL_PHOTO,"",,f6242b33-dea6-44af-a189-d015ee43c497,,no
NO_LOCAL_PHOTO,"",,f63cc1b9-904c-41d5-b566-3d5fa1291f24,,no
NO_LOCAL_PHOTO,"",,f65481ee-12f9-428b-afe9-3766e1da6fc7,,no
NO_LOCAL_PHOTO,"",,f70f01c6-1b4d-46f3-947f-92b153151732,,no
NO_LOCAL_PHOTO,"",,f732126b-9dbd-4f8e-8299-1adffddf4d36,,no
NO_LOCAL_PHOTO,"",,f74ea594-c43f-4cbe-adda-7640281df661,,no
NO_LOCAL_PHOTO,"",,f94e96b1-bd46-4ed4-9272-aa50f3b53f6c,,no
NO_LOCAL_PHOTO,"",,f96908dd-5f9a-40d4-981a-fdff7263a5d6,,no
NO_LOCAL_PHOTO,"",,f96ffebd-7137-45d9-ae38-c75e8ad20397,,no
NO_LOCAL_PHOTO,"",,f9ab1fe3-b842-4248-b830-5e56a7021628,,no
NO_LOCAL_PHOTO,"",,fa8ef6d2-aa9f-4134-8589-ce864f80e9f9,,no
NO_LOCAL_PHOTO,"",,fae3f6e3-8288-4d56-bfa8-b2e58f92d715,,no
NO_LOCAL_PHOTO,"",,faeb12c3-b345-4856-b800-16fa14a9c171,,no
NO_LOCAL_PHOTO,"",,fb4263c4-0b01-47ed-a296-2a0a9f8e3931,,no
NO_LOCAL_PHOTO,"",,fbaea719-1a86-4eef-a011-72da4a2e472c,,no
NO_LOCAL_PHOTO,"",,fbbcbad6-08a6-4224-bba8-4f1576f37164,,no
NO_LOCAL_PHOTO,"",,fcf0ca2a-ad8c-4e3e-b1c1-0bdcc4838766,,no
NO_LOCAL_PHOTO,"",,fd33a370-bb67-4302-864f-124439cd6925,,no
NO_LOCAL_PHOTO,"",,fd9f8379-79aa-40a3-82f7-cbf0ac4e9069,,no
NO_LOCAL_PHOTO,"",,fda1edae-4c30-4fde-b012-409994ae2afe,,no
NO_LOCAL_PHOTO,"",,fda1f59f-fef8-4513-bc49-58e557b3799c,,no
NO_LOCAL_PHOTO,"",,fdf96702-a559-4dde-b085-55de9dc88b4b,,no
NO_LOCAL_PHOTO,"",,febc2620-fc85-40d4-a960-e08bf6f7c045,,no
NO_LOCAL_PHOTO,"",,ff470ce1-5097-4b08-8a09-08fd7fa644ec,,no
NO_LOCAL_PHOTO,"Aarush Mittal",aarush-mittal,fd59afae-6504-4c34-bb32-280ca024b0a7,,no
NO_LOCAL_PHOTO,"Abby Malzewski",abby-malzewski,c1a0ea9e-c0aa-4080-9859-1ec7c9315c1a,,no
NO_LOCAL_PHOTO,"Abhishek Rai",abhishek-rai,b4df015e-9f7b-4e5b-8435-04ef88b88e68,,no
NO_LOCAL_PHOTO,"Abid Ali",abid-ali,0c1504f3-264c-4b96-8346-dbdab8e240d4,,no
NO_LOCAL_PHOTO,"Abigail Lee",abigail-lee,2bfb803b-fd14-46ae-b65c-ed6418157b84,,no
NO_LOCAL_PHOTO,"Ahamed Dahilan Mohideen",ahamed-dahilan-mohideen,4c24f178-9be8-4001-a3cd-8b52f4b20a81,,no
NO_LOCAL_PHOTO,"Aicha Laafia",aicha-laafia,1ab456c0-7cab-810f-bc50-c59382d235e6,,no
NO_LOCAL_PHOTO,"Ajay Vignesh",ajay-vignesh,291456c0-7cab-81d2-86cb-fb788b613414,,no
NO_LOCAL_PHOTO,"Akhila Matathammal",akhila-matathammal,223456c0-7cab-8164-aafd-cd5a9ebe63f5,,no
NO_LOCAL_PHOTO,"Albert Mitton",albert-mitton,247456c0-7cab-8097-a15f-de771b8d2d0f,,no
NO_LOCAL_PHOTO,"Alejandro Indeedo",alejandro-indeedo,b1d49f6c-7d8f-48cb-9cdc-976bb7621ae8,,no
NO_LOCAL_PHOTO,"Alekh Gupta",alekh-gupta,269456c0-7cab-81f4-b1c0-d94257f2bbda,,no
NO_LOCAL_PHOTO,"Alexander Dawson",alexander-dawson,245456c0-7cab-810c-b892-d6e22b9e8cd2,,no
NO_LOCAL_PHOTO,"Alma Mercado",alma-mercado,268456c0-7cab-8134-a164-f0dcfa855f1f,,no
NO_LOCAL_PHOTO,"Alyssa Wright",alyssa-wright,118456c0-7cab-8040-bb1b-d8bdfff1af68,,no
NO_LOCAL_PHOTO,"Alzate Alejandra",alzate-alejandra,20d456c0-7cab-8128-a57a-e9f5acf5610f,,no
NO_LOCAL_PHOTO,"Amanda Brock",amanda-brock,985a3719-e522-4303-8a17-4c7d44ba701e,,no
NO_LOCAL_PHOTO,"Amelia Crizbasan",amelia-crizbasan,5cc9a29f-24c2-4bcd-82bb-125133945770,,no
NO_LOCAL_PHOTO,"Anastasios Avranas",anastasios-avranas,121456c0-7cab-8045-8d6e-f9bd6c9fb7f2,,no
NO_LOCAL_PHOTO,"Andre Racz",andre-racz,79083ad0-1b2b-4e31-a7b8-d8af53e8c364,,no
NO_LOCAL_PHOTO,"Andrea Pazienza",andrea-pazienza,223456c0-7cab-81f7-af32-e42db101f7db,,no
NO_LOCAL_PHOTO,"Andrea Snow",andrea-snow,247456c0-7cab-80f2-941c-e8d26d753c6f,,no
NO_LOCAL_PHOTO,"Andreas Schmidt",andreas-schmidt,185456c0-7cab-81ba-8e1b-dd9dcb53459e,,no
NO_LOCAL_PHOTO,"Andreas Wahl",andreas-wahl,198456c0-7cab-8111-9cc4-fbebb3225a08,,no
NO_LOCAL_PHOTO,"Andrei Coman",andrei-coman,1b32c357-a940-4ceb-82ac-f2fd44ec96ad,,no
NO_LOCAL_PHOTO,"Andrei-Leonard Parvan",andrei-leonard-parvan,67f7007b-df4b-4ac7-9a8f-04625a123667,,no
NO_LOCAL_PHOTO,"Andres Rodriguez",andres-rodriguez,201456c0-7cab-81b4-a7be-cdb8f6c37167,,no
NO_LOCAL_PHOTO,"Andrew Lowe",andrew-lowe,64dfe71c-f714-4c26-9ebc-c0af2e23bd87,,no
NO_LOCAL_PHOTO,"Angel Cataron",angel-cataron,7843e4a1-a8f9-46ec-9db9-530524d44754,,no
NO_LOCAL_PHOTO,"Anke Wiechmann",anke-wiechmann,12640ff6-4deb-4513-affb-0244a730340e,,no
NO_LOCAL_PHOTO,"Ankit Gandhi",ankit-gandhi,c18e0fb1-48db-4b87-ae91-cd2100d34fa4,,no
NO_LOCAL_PHOTO,"Anne Currie",anne-currie,6a066763-140c-4031-9968-ea338d136d5e,,no
NO_LOCAL_PHOTO,"Annette Giardina",annette-giardina,ed117a07-77aa-4917-9ae2-e43f2f5f7ce3,,no
NO_LOCAL_PHOTO,"Annie Freeman",annie-freeman,247456c0-7cab-8027-8072-d19e501e63ae,,no
NO_LOCAL_PHOTO,"Antje Finger",antje-finger,a1e32953-af1c-4e95-91dc-d5cfe57f11ff,,no
NO_LOCAL_PHOTO,"Anuj Jain",anuj-jain,0b9f3aa2-e8df-4d29-b15e-38b6ee8e3b30,,no
NO_LOCAL_PHOTO,"April Yang",april-yang,8d7bb8ed-1cdc-4c01-aa45-ab240e901e50,,no
NO_LOCAL_PHOTO,"Ariel Sibille",ariel-sibille,d70f79bc-7161-4997-9204-28fa01dd7914,,no
NO_LOCAL_PHOTO,"Arun Ravindran",arun-ravindran,f1329338-9efb-43a3-b810-c25460ce0087,,no
NO_LOCAL_PHOTO,"Arvind Verma",arvind-verma,1b6456c0-7cab-81a5-b063-c082fe3f1ae0,,no
NO_LOCAL_PHOTO,"Aurelie Bourgeais",aurelie-bourgeais,7edc25c6-5cff-4ba4-88cf-ffa60e84d917,,no
NO_LOCAL_PHOTO,"Avinash Singh",avinash-singh,1b2456c0-7cab-81ca-8d00-f799453f972c,,no
NO_LOCAL_PHOTO,"Aya Saed",aya-saed,190456c0-7cab-81da-885f-f30f92257f88,,no
NO_LOCAL_PHOTO,"Ayowole Agbedejobi",ayowole-agbedejobi,208456c0-7cab-81bc-9390-d69cb0049889,,no
NO_LOCAL_PHOTO,"Bella Boulais",bella-boulais,30e456c0-7cab-8138-945d-ed1ccdf767b3,,no
NO_LOCAL_PHOTO,"Ben Gurney",ben-gurney,d892f758-e402-425a-bc7c-17f6f013f603,,no
NO_LOCAL_PHOTO,"Ben Reyes",ben-reyes,10d456c0-7cab-8184-b1a9-cc716795c969,,no
NO_LOCAL_PHOTO,"Benjamin Muskalla",benjamin-muskalla,420d45f8-beca-4b23-8d4b-a4c98d04b6bb,,no
NO_LOCAL_PHOTO,"BenoîT Faurie",beno-t-faurie,90475714-e27b-4595-9520-54e1a5ebdd36,,no
NO_LOCAL_PHOTO,"Birgit Lengacher",birgit-lengacher,19f456c0-7cab-8124-8089-cb7a03b587a9,,no
NO_LOCAL_PHOTO,"Birgit Penzenstadler",birgit-penzenstadler,22b456c0-7cab-8063-81c4-d56b449ee269,,no
NO_LOCAL_PHOTO,"Birthe BöHm",birthe-b-hm,b167b9a3-6426-47f1-86f7-792111fc1ca6,,no
NO_LOCAL_PHOTO,"BOOMA POOLAN MARIKANNAN",booma-poolan-marikannan,0f0c5bb5-944a-4328-aacd-e2306df5a0c1,,no
NO_LOCAL_PHOTO,"Boris Khazin",boris-khazin,5e30a567-ebf8-4157-be28-bb0db6ce7b89,,no
NO_LOCAL_PHOTO,"Brendan Kamp",brendan-kamp,de7679cb-a824-4aca-bb92-a1e0af9601ed,,no
NO_LOCAL_PHOTO,"Brent Hepburn",brent-hepburn,277456c0-7cab-8142-970d-da459bd38fe6,,no
NO_LOCAL_PHOTO,"Brian Vickers",brian-vickers,edc45b57-9b97-4763-910e-87fd4069762c,,no
NO_LOCAL_PHOTO,"Brit Saylor",brit-saylor,1988f07f-4dbf-41ca-8d5e-0970afa5c72a,,no
NO_LOCAL_PHOTO,"Camille Fassett",camille-fassett,26f456c0-7cab-8024-a041-d265b21b1a94,,no
NO_LOCAL_PHOTO,"Carla Martin",carla-martin,2cd456c0-7cab-81a3-84eb-db06a2669950,,no
NO_LOCAL_PHOTO,"Carla Martin",carla-martin,2e9456c0-7cab-81b6-8564-ead4ce09327d,,no
NO_LOCAL_PHOTO,"Carlo Malagnino",carlo-malagnino,b48138d8-90dc-46af-a9f1-c459d8ba2755,,no
NO_LOCAL_PHOTO,"Carlos Luis Burguete",carlos-luis-burguete,cba06060-83dc-49f0-a8db-8cad1ed18418,,no
NO_LOCAL_PHOTO,"Carol Criner",carol-criner,78dcefa7-7b26-4f11-a930-1ae86ceca8ed,,no
NO_LOCAL_PHOTO,"Cecilia Hwang",cecilia-hwang,0e8ed226-b57f-43fc-b861-13a1b592b796,,no
NO_LOCAL_PHOTO,"Celine Jolivet",celine-jolivet,107fe9cc-de41-4f08-b3e7-7bd975ab949e,,no
NO_LOCAL_PHOTO,"Ceren Baysal",ceren-baysal,246456c0-7cab-81e3-995b-df8797b686e9,,no
NO_LOCAL_PHOTO,"Cerian Morgan",cerian-morgan,85cb4471-8a2f-46c6-a194-1ed1d47e9b2b,,no
NO_LOCAL_PHOTO,"Ceyhun Gocenoglu",ceyhun-gocenoglu,5afdaeb4-aa5f-44ae-80b0-de1b7477e0b8,,no
NO_LOCAL_PHOTO,"Chakhriya Chantharakhami",chakhriya-chantharakhami,230456c0-7cab-8146-a0c1-c26f485bc8bb,,no
NO_LOCAL_PHOTO,"Charlene Wong",charlene-wong,5d2c4c89-5a26-47cd-8b3f-6dd56f6ac0cf,,no
NO_LOCAL_PHOTO,"Charlie Gao",charlie-gao,a5689c25-108b-4de7-9ac7-213fe8a6d00e,,no
NO_LOCAL_PHOTO,"Christophe Laprun",christophe-laprun,6ba87153-2d64-4235-8c03-5b033fd783ed,,no
NO_LOCAL_PHOTO,"Clemens Kunwald",clemens-kunwald,305a5f36-6b21-4dbc-bff4-340d1079230e,,no
NO_LOCAL_PHOTO,"Connor Barnes",connor-barnes,d7874307-1f53-4182-adea-56b2476edf8e,,no
NO_LOCAL_PHOTO,"Cooper Elsworth",cooper-elsworth,25408308-e16f-4925-bd32-8d3edbc3c7d2,,no
NO_LOCAL_PHOTO,"Dan Fitt",dan-fitt,702459fc-f1d0-4919-8132-3ebadf0c8373,,no
NO_LOCAL_PHOTO,"Daniel Schien",daniel-schien,01135906-0f98-4ad3-b971-9b2d7acfbf4d,,no
NO_LOCAL_PHOTO,"Danielle Subject",danielle-subject,e497d191-9867-4b5c-b1ac-4c93b2bcba38,,no
NO_LOCAL_PHOTO,"Daniyal Ajdadi",daniyal-ajdadi,6674e899-a131-4f76-bd6f-afee5e8f8601,,no
NO_LOCAL_PHOTO,"Darren Pillay",darren-pillay,bc447431-3b60-4089-bce1-2f53329124c6,,no
NO_LOCAL_PHOTO,"Darya Loban",darya-loban,7e9f53d0-d86f-4932-9200-b189b5ffa29d,,no
NO_LOCAL_PHOTO,"David Aronchick",david-aronchick,1b9456c0-7cab-813e-89c3-c57fcc7dbab2,,no
NO_LOCAL_PHOTO,"David Dean",david-dean,29a456c0-7cab-8107-a045-ef6672ad7786,,no
NO_LOCAL_PHOTO,"David Freifeld",david-freifeld,1b9456c0-7cab-81f5-b428-ed0f97b57fb9,,no
NO_LOCAL_PHOTO,"David Kopp",david-kopp,26d456c0-7cab-8180-b244-e60166f8e953,,no
NO_LOCAL_PHOTO,"David Mahoney",david-mahoney,281456c0-7cab-8162-9f11-cd22cdf827b3,,no
NO_LOCAL_PHOTO,"David Mathew Jones",david-mathew-jones,133456c0-7cab-8181-aa72-cb67373dc3f6,,no
NO_LOCAL_PHOTO,"Denis Angeletta",denis-angeletta,73084b5a-2f4f-421a-bf73-f1effed02810,,no
NO_LOCAL_PHOTO,"Dennis Junger",dennis-junger,10b456c0-7cab-8155-a908-f5057d458b97,,no
NO_LOCAL_PHOTO,"Dennis Junger",dennis-junger,1c0456c0-7cab-817e-a192-da6e16b5fd13,,no
NO_LOCAL_PHOTO,"Derrick Stone",derrick-stone,293456c0-7cab-81cc-b8e8-c6de80852f85,,no
NO_LOCAL_PHOTO,"Devi Dayal Gupta",devi-dayal-gupta,70c3a9c1-e6d7-4427-914c-75eb96f8abd5,,no
NO_LOCAL_PHOTO,"Diego Zeballos",diego-zeballos,25243722-1a27-46b1-abf5-d605c962c0b4,,no
NO_LOCAL_PHOTO,"Digamber Deshmukh",digamber-deshmukh,154456c0-7cab-8198-8083-f22605d89f1c,,no
NO_LOCAL_PHOTO,"Dmitry Chagoiko",dmitry-chagoiko,92f32e20-5490-4fa3-8891-8b4474e86a69,,no
NO_LOCAL_PHOTO,"Don Spangler",don-spangler,05e0c326-20e9-47b4-8a9d-c983f2184ad1,,no
NO_LOCAL_PHOTO,"Dr. Carlos Gamarra",dr-carlos-gamarra,121456c0-7cab-8056-a162-f7cd05f7fa69,,no
NO_LOCAL_PHOTO,"Dung Le",dung-le,2372c25f-6104-42db-8a81-e8a6f50a30a6,,no
NO_LOCAL_PHOTO,"Durgaprasad Pottigar",durgaprasad-pottigar,0a40903a-ea45-44cd-8ac7-ad9e44ec7d84,,no
NO_LOCAL_PHOTO,"Dustin Demetriou",dustin-demetriou,1a95d3c9-f024-4595-aff7-7bb0f194f457,,no
NO_LOCAL_PHOTO,"Edward Vcp",edward-vcp,44d463f1-ef17-451f-bceb-e76390a1418c,,no
NO_LOCAL_PHOTO,"Edwin Cantu",edwin-cantu,bac7722d-c02c-4d05-a9e3-e6ab1cad0f13,,no
NO_LOCAL_PHOTO,"Eileen Goh",eileen-goh,90e0bd84-e955-4b13-a90c-ff67d67ff17a,,no
NO_LOCAL_PHOTO,"Elizabeth Tutino",elizabeth-tutino,4d3880cb-ee1b-451d-8403-0e0cd07b683a,,no
NO_LOCAL_PHOTO,"Elvira Lautenschlager",elvira-lautenschlager,21adb813-5a90-4427-8a41-aba91e7b1ef1,,no
NO_LOCAL_PHOTO,"Emeric Kwemou Ngandeu",emeric-kwemou-ngandeu,a80928a2-fabb-44ae-b39a-ba7b941e7628,,no
NO_LOCAL_PHOTO,"Emerson Delatorre de Andrade",emerson-delatorre-de-andrade,1bc456c0-7cab-81b2-bd75-f71e987c6a25,,no
NO_LOCAL_PHOTO,"Emily Yang",emily-yang,c1a91a72-d058-43e5-8da3-fe6f09428add,,no
NO_LOCAL_PHOTO,"Eoan O'Dea",eoan-o-dea,1c0456c0-7cab-818a-a2aa-c1d5e7b7c2af,,no
NO_LOCAL_PHOTO,"Eric Fourboul",eric-fourboul,150456c0-7cab-8015-a547-fbcd98660bb6,,no
NO_LOCAL_PHOTO,"Eric Ritchey",eric-ritchey,884d47df-ca52-4925-b5d4-82491dc72e1f,,no
NO_LOCAL_PHOTO,"Erik Doernenburg",erik-doernenburg,474d16bc-6b7b-454f-96d5-d5558fe5f012,,no
NO_LOCAL_PHOTO,"Erik Forkin",erik-forkin,50c0f638-67de-45e3-9619-e46f6c779ff2,,no
NO_LOCAL_PHOTO,"Eshwari Jaladurgam",eshwari-jaladurgam,221456c0-7cab-8169-ba11-e6ca6d11035b,,no
NO_LOCAL_PHOTO,"Eun Kyung Lee",eun-kyung-lee,69a0faae-31d7-43dd-a409-fea0925e2044,,no
NO_LOCAL_PHOTO,"Ezequiel Lanza",ezequiel-lanza,7c61c010-0c72-4baa-867e-f6f60028068a,,no
NO_LOCAL_PHOTO,"Fabian GrüN",fabian-gr-n,fb98b2fe-9802-48dd-b845-90fa865c8c0e,,no
NO_LOCAL_PHOTO,"Fabio Cicerchia",fabio-cicerchia,1e8456c0-7cab-81a0-8774-c46b08a77d16,,no
NO_LOCAL_PHOTO,"Federica Sarro",federica-sarro,daec8e71-8f05-400a-8425-1d3f475e7b36,,no
NO_LOCAL_PHOTO,"Federico Kereki",federico-kereki,1cf456c0-7cab-814c-a49f-e38cb5a4d447,,no
NO_LOCAL_PHOTO,"Felipe Almeida",felipe-almeida,17afb9d1-33aa-4276-9736-281727cc0e47,,no
NO_LOCAL_PHOTO,"Felipe Rocha",felipe-rocha,870ea383-c479-4692-a9fe-916dc15a98b4,,no
NO_LOCAL_PHOTO,"Filippo Galeazzi",filippo-galeazzi,c9172553-2780-4500-9993-a491e2cbbba4,,no
NO_LOCAL_PHOTO,"Fleur Trooster",fleur-trooster,13c456c0-7cab-81ee-a231-e33a52c11b90,,no
NO_LOCAL_PHOTO,"Florian Krautwurm",florian-krautwurm,143456c0-7cab-8196-9916-ddcbcc731732,,no
NO_LOCAL_PHOTO,"Florian Scheidl",florian-scheidl,454657be-f502-4da9-b316-9e3e6500491b,,no
NO_LOCAL_PHOTO,"Francesco Fullone",francesco-fullone,1e3456c0-7cab-8028-b9c9-e50bbafc45c2,,no
NO_LOCAL_PHOTO,"Franziska Greiner",franziska-greiner,bdcf5e40-e7b0-48a1-8d06-f3a61cdd1a3e,,no
NO_LOCAL_PHOTO,"Franziska Mellinghoff",franziska-mellinghoff,6206968c-0d0d-4e7a-a11f-c04e4ca39b25,,no
NO_LOCAL_PHOTO,"Franziska Warncke",franziska-warncke,a29ab265-9563-4f38-9457-3b01be89274c,,no
NO_LOCAL_PHOTO,"Gabi Beyer",gabi-beyer,e552b8ee-4dee-4f13-9656-71b3d8d56e0d,,no
NO_LOCAL_PHOTO,"Gauri Madhok",gauri-madhok,978f4bd8-7a50-4101-a732-2c53e15b6caa,,no
NO_LOCAL_PHOTO,"Gavin McCormick",gavin-mccormick,06fe0147-9719-4ac8-9958-1ee31336c31c,,no
NO_LOCAL_PHOTO,"George Balota",george-balota,fcb69bd7-8e5b-43eb-a414-42d9136eeb9f,,no
NO_LOCAL_PHOTO,"Giovana Bianchi",giovana-bianchi,cc60dbb7-4df9-48e9-a6bf-af4845ee11a8,,no
NO_LOCAL_PHOTO,"Giovana Bianchi",giovana-bianchi,d716ea2c-2169-4749-a375-7c33ff065d27,,no
NO_LOCAL_PHOTO,"Glenn Augustus",glenn-augustus,dce918c9-c4f8-418c-ad15-b348ae7ef230,,no
NO_LOCAL_PHOTO,"Grace Manson",grace-manson,308d00d4-4cc0-43ee-ac70-0c4f53e8e346,,no
NO_LOCAL_PHOTO,"Greg Rivera",greg-rivera,2a08c326-cd89-4f72-a934-ff243bd86e78,,no
NO_LOCAL_PHOTO,"Gregor Anaya",gregor-anaya,113456c0-7cab-815e-a0bf-d52e9a42cde4,,no
NO_LOCAL_PHOTO,"Guillermo Molins",guillermo-molins,6ef22e28-3785-4228-a685-1c9a14e39ff4,,no
NO_LOCAL_PHOTO,"Hallie Cramer",hallie-cramer,d084d6cc-d417-4ee9-8eae-8e63dc9b0514,,no
NO_LOCAL_PHOTO,"Hamad Khan",hamad-khan,0b9baebf-6102-46f4-aeae-b5f18c71967f,,no
NO_LOCAL_PHOTO,"Hannah Unkefer",hannah-unkefer,0022026b-d72e-45dc-9a7f-579691f05a0e,,no
NO_LOCAL_PHOTO,"Heather Nowaczyk",heather-nowaczyk,aaf4f93d-6ab4-4e5a-bde7-80b0a70ee838,,no
NO_LOCAL_PHOTO,"Hector Matias Martin",hector-matias-martin,f0282958-222a-46a1-a9a2-e36728288388,,no
NO_LOCAL_PHOTO,"Hema Date",hema-date,150456c0-7cab-8018-85ce-ee20fb91b11b,,no
NO_LOCAL_PHOTO,"Henry Muccini",henry-muccini,1a5456c0-7cab-805a-943a-e50a8f19f764,,no
NO_LOCAL_PHOTO,"Hiroto Imamura",hiroto-imamura,211456c0-7cab-8108-b5ae-d9ce9e929c93,,no
NO_LOCAL_PHOTO,"Holly Cummins",holly-cummins,1dd456c0-7cab-8143-a1c6-f33326679723,,no
NO_LOCAL_PHOTO,"Hongliu CAO",hongliu-cao,158456c0-7cab-8131-acc5-ef074e49eacd,,no
NO_LOCAL_PHOTO,"Huamin Chen",huamin-chen,72f6c346-8456-4341-92c4-d78633808fe6,,no
NO_LOCAL_PHOTO,"Hui Ming LIEW",hui-ming-liew,144456c0-7cab-80c3-b81d-cf36cf2a5ceb,,no
NO_LOCAL_PHOTO,"Hunter Nield",hunter-nield,247456c0-7cab-80f6-8b02-d97e99f10108,,no
NO_LOCAL_PHOTO,"Ileriayo Adebiyi",ileriayo-adebiyi,c0a82833-c1fa-4127-8408-f788a65d4088,,no
NO_LOCAL_PHOTO,"Ioannis Kolaxis",ioannis-kolaxis,848da221-9027-42f4-b2e4-c5a968ca79fc,,no
NO_LOCAL_PHOTO,"Ivan",ivan,341def2c-fbf5-490f-bb06-96364c743abe,,no
NO_LOCAL_PHOTO,"Ivan Tritchkov",ivan-tritchkov,4588203e-f0f7-450b-93cb-78b26f2c40b8,,no
NO_LOCAL_PHOTO,"Ivana Drobnjak",ivana-drobnjak,1ad456c0-7cab-80f4-a828-caf153652189,,no
NO_LOCAL_PHOTO,"Jabari George",jabari-george,1c7456c0-7cab-813a-bdcc-d845e949da4a,,no
NO_LOCAL_PHOTO,"Jacques Kluska",jacques-kluska,181456c0-7cab-8191-8bfd-cef3ee52d0f2,,no
NO_LOCAL_PHOTO,"Jagadish Maddiboyina",jagadish-maddiboyina,4bb63cd6-ebf8-4240-bc4a-9152342f563d,,no
NO_LOCAL_PHOTO,"Jagdeep Addagarla",jagdeep-addagarla,a26fe5c8-2114-4e36-91eb-12ca1f6483eb,,no
NO_LOCAL_PHOTO,"Jai Kishore Madella",jai-kishore-madella,f485d203-8ee9-4218-9374-11814cdbbce2,,no
NO_LOCAL_PHOTO,"James Adams",james-adams,f2dd387d-efe2-42e6-aaef-892c61c2dacc,,no
NO_LOCAL_PHOTO,"James Dietrich",james-dietrich,17d456c0-7cab-8199-855f-ef54b8dcf7d7,,no
NO_LOCAL_PHOTO,"Jamie Cowan",jamie-cowan,22d456c0-7cab-814e-9512-f44f7fa856d8,,no
NO_LOCAL_PHOTO,"Jamie Kiely",jamie-kiely,14b456c0-7cab-8162-a45f-d648327aab77,,no
NO_LOCAL_PHOTO,"Jared Temanson",jared-temanson,0503e963-3220-4822-9970-6c93c816b56e,,no
NO_LOCAL_PHOTO,"Jaroslaw Richert",jaroslaw-richert,281456c0-7cab-81cf-80c9-c3db7c3df1fe,,no
NO_LOCAL_PHOTO,"Jayesh Agwan",jayesh-agwan,205456c0-7cab-8146-9f64-d8e614ed1ccf,,no
NO_LOCAL_PHOTO,"Jean-Baptiste Paquel",jean-baptiste-paquel,9d5ec097-f6ff-4c02-9ca0-3841217b0144,,no
NO_LOCAL_PHOTO,"Jenny Liu",jenny-liu,1a922151-caa5-4f3c-9582-3f40bb868bbe,,no
NO_LOCAL_PHOTO,"Jeroen Spaander",jeroen-spaander,14a456c0-7cab-8062-89e7-ef817894cfdf,,no
NO_LOCAL_PHOTO,"Jianshou Wen",jianshou-wen,23f456c0-7cab-8177-b282-ca2fffc3f205,,no
NO_LOCAL_PHOTO,"Joachim Froehlich",joachim-froehlich,e8409869-4f0b-4a33-98e5-6194a059508c,,no
NO_LOCAL_PHOTO,"Joel Tucci",joel-tucci,04005ab1-fafb-4b1f-b99a-3b59d41dd16e,,no
NO_LOCAL_PHOTO,"Johannes Gutekunst",johannes-gutekunst,165456c0-7cab-8184-bea3-ee064a909217,,no
NO_LOCAL_PHOTO,"Jonas Schlösser",jonas-schl-sser,0116baab-ba45-4275-80e8-25a9a08ef0eb,,no
NO_LOCAL_PHOTO,"Jonathan Turnbull",jonathan-turnbull,19e456c0-7cab-8180-a830-e2fd7d0b17a8,,no
NO_LOCAL_PHOTO,"Jonathan WADIN",jonathan-wadin,208456c0-7cab-8117-9d79-d6094ef82c40,,no
NO_LOCAL_PHOTO,"Joseph Rossetto",joseph-rossetto,0b19cff5-67c0-40d5-8212-12e1a953f6c1,,no
NO_LOCAL_PHOTO,"Josh Rauvola",josh-rauvola,85bb1a82-cb28-4a5f-b0f7-725746a8d1ca,,no
NO_LOCAL_PHOTO,"Joshua Horswill",joshua-horswill,2cd456c0-7cab-81c0-aa42-fc0408896478,,no
NO_LOCAL_PHOTO,"Jovan Karanov",jovan-karanov,63d221d2-dd84-48d9-bfd2-0054fa0e8db4,,no
NO_LOCAL_PHOTO,"Joy S",joy-s,2e4456c0-7cab-810d-8ae0-cb88d6757b22,,no
NO_LOCAL_PHOTO,"Juan Alonso",juan-alonso,1de456c0-7cab-816a-b047-d67baa2323c0,,no
NO_LOCAL_PHOTO,"Juan Hernandez",juan-hernandez,3c730274-2e0b-48c8-8355-2b34e3bbefc3,,no
NO_LOCAL_PHOTO,"Juan Jose Jaramillo Tamayo",juan-jose-jaramillo-tamayo,30f456c0-7cab-8106-992a-c8c90d1eb2b5,,no
NO_LOCAL_PHOTO,"Juan Jose Lopez Murphy",juan-jose-lopez-murphy,b7762be7-12c3-444d-9cf8-16fad9fa318a,,no
NO_LOCAL_PHOTO,"Judit Laguardia",judit-laguardia,26b456c0-7cab-81d2-a6a5-d6afe77709be,,no
NO_LOCAL_PHOTO,"Julian Wilmouth",julian-wilmouth,294456c0-7cab-81b8-bc01-db8ce6eed547,,no
NO_LOCAL_PHOTO,"Julien Lavalley",julien-lavalley,8a758a60-ed55-4cda-8b37-874caf7bd469,,no
NO_LOCAL_PHOTO,"Julien Nioche",julien-nioche,135456c0-7cab-810b-8d6d-c2fb997fa382,,no
NO_LOCAL_PHOTO,"Juliette Callahan",juliette-callahan,25ea61b1-094a-4eee-b890-f5ffb43f92a6,,no
NO_LOCAL_PHOTO,"Kadiya Kreye",kadiya-kreye,ba35b1b7-24bb-4bff-9ffa-9e7fe60d974a,,no
NO_LOCAL_PHOTO,"Kais Majbri",kais-majbri,8e002075-6132-43de-a13b-39377338b845,,no
NO_LOCAL_PHOTO,"Kaito Kameda",kaito-kameda,fbcad2ad-f941-48a7-aa5f-d23650f55db7,,no
NO_LOCAL_PHOTO,"Kari Stamnes",kari-stamnes,439973ad-63a5-4331-a906-1884e946800a,,no
NO_LOCAL_PHOTO,"Karthik Vaidhyanathan",karthik-vaidhyanathan,210456c0-7cab-8067-b0c2-e126a3d2e9f9,,no
NO_LOCAL_PHOTO,"Karthikeyan Kumar",karthikeyan-kumar,9e8ea037-0e40-4bb6-9335-2d083bb5ee55,,no
NO_LOCAL_PHOTO,"Kate Vander Vennen",kate-vander-vennen,fb3e7695-f696-4e38-824c-9350726f8832,,no
NO_LOCAL_PHOTO,"Katharina Olenberg",katharina-olenberg,cf431c7d-c3ec-4742-8c09-498e16a9e7cd,,no
NO_LOCAL_PHOTO,"Kaushlendra Pratap Singh",kaushlendra-pratap-singh,2c5456c0-7cab-8134-872e-d9d454cf693c,,no
NO_LOCAL_PHOTO,"Kavitha Raju",kavitha-raju,230456c0-7cab-8190-bd63-d8e69d54329c,,no
NO_LOCAL_PHOTO,"Keerti Rastogi",keerti-rastogi,8619757c-bfb4-4a51-af89-4a65d0fdd663,,no
NO_LOCAL_PHOTO,"Kim Buncle",kim-buncle,1ee456c0-7cab-811a-b572-eda6cecb54f7,,no
NO_LOCAL_PHOTO,"Kin Chui",kin-chui,308b9f5a-e170-43fa-961d-009f4dca3da4,,no
NO_LOCAL_PHOTO,"kiran kumar",kiran-kumar,27c456c0-7cab-8198-9f58-e21c04020888,,no
NO_LOCAL_PHOTO,"kiran kumar",kiran-kumar,30b456c0-7cab-8159-b8d9-face0706033d,,no
NO_LOCAL_PHOTO,"Kirsty Bryant-Hassler",kirsty-bryant-hassler,b16ec892-f5d7-48ae-8db1-c038958682f6,,no
NO_LOCAL_PHOTO,"Klaus Graefensteiner",klaus-graefensteiner,fe6c8947-2d55-4c70-a15c-9ffc40fa2dd5,,no
NO_LOCAL_PHOTO,"Kristin Janacek",kristin-janacek,efc149e3-b1ca-49fe-bdde-4400794a58a5,,no
NO_LOCAL_PHOTO,"Lars Gelbke",lars-gelbke,f3ee1e35-0b93-46bf-8e26-746dc7b00f31,,no
NO_LOCAL_PHOTO,"Lena Hoffmann",lena-hoffmann,ef5f29fd-6ab4-4255-b52f-f55532eaf390,,no
NO_LOCAL_PHOTO,"Lesley Ward",lesley-ward,a75e1513-7601-420a-b9ad-c64875cf47d5,,no
NO_LOCAL_PHOTO,"Likun Chen",likun-chen,0d8c9aea-0d85-4b9e-baef-07a9e512510e,,no
NO_LOCAL_PHOTO,"Lillie Ratliff",lillie-ratliff,17d456c0-7cab-8129-a697-f4db23cfd104,,no
NO_LOCAL_PHOTO,"Liya Mathew",liya-mathew,126456c0-7cab-81ac-a870-fa58c8689890,,no
NO_LOCAL_PHOTO,"Lovish Kalia",lovish-kalia,573bd505-e9ef-4e14-bfce-d058a7352476,,no
NO_LOCAL_PHOTO,"Luc Weinbrecht",luc-weinbrecht,1d6269c7-d34e-4d1a-8f5a-9320a0f42d15,,no
NO_LOCAL_PHOTO,"Mahum Azeem",mahum-azeem,2b6456c0-7cab-81ef-ad7a-ee0136c67654,,no
NO_LOCAL_PHOTO,"Maisie Burroughs",maisie-burroughs,256456c0-7cab-8128-ad64-ee6bf9e2eb63,,no
NO_LOCAL_PHOTO,"Malgorzata Fricze",malgorzata-fricze,1cf456c0-7cab-81fe-9a04-ec12d5241258,,no
NO_LOCAL_PHOTO,"Malini Jeyachandran",malini-jeyachandran,170456c0-7cab-8192-a748-e17090b00972,,no
NO_LOCAL_PHOTO,"Manoj Koshy",manoj-koshy,3582c404-9cd6-4ec7-ad0f-a86163436e98,,no
NO_LOCAL_PHOTO,"Marc-Andre Groulx",marc-andre-groulx,47950948-a47b-4c4b-9112-ccf99ba106d7,,no
NO_LOCAL_PHOTO,"Marcela Carvalho Baiocchi",marcela-carvalho-baiocchi,61695c1b-dba0-4bdb-b661-74a497304446,,no
NO_LOCAL_PHOTO,"Marcela Sepulveda",marcela-sepulveda,1b89d880-7164-462a-954d-7fac80b834fd,,no
NO_LOCAL_PHOTO,"Marcelo Amaral",marcelo-amaral,57c5ed4a-5b4d-4696-b5a1-f0a7e3ca9487,,no
NO_LOCAL_PHOTO,"Marco Bacci",marco-bacci,11a456c0-7cab-80dd-a7d3-f91805f0d9ea,,no
NO_LOCAL_PHOTO,"Marco Toschetti",marco-toschetti,2aa456c0-7cab-81a2-9f01-fd6888f6c0ce,,no
NO_LOCAL_PHOTO,"Maria Fonseca",maria-fonseca,9aa2afd9-9ac2-4dc6-9470-07588377ab78,,no
NO_LOCAL_PHOTO,"Maria Jose Lalama",maria-jose-lalama,1dd456c0-7cab-810d-98be-f97be78a6ab2,,no
NO_LOCAL_PHOTO,"Mariana Ramirez",mariana-ramirez,256456c0-7cab-819a-a977-e27253ada0bc,,no
NO_LOCAL_PHOTO,"Marjorie Chezzi",marjorie-chezzi,28d456c0-7cab-81f0-811d-d480f88c19d3,,no
NO_LOCAL_PHOTO,"Mark Butcher",mark-butcher,2a1456c0-7cab-8147-936d-d83a947375bb,,no
NO_LOCAL_PHOTO,"Mark Vogt",mark-vogt,cc592745-6245-4e0d-b04a-5042a66f3827,,no
NO_LOCAL_PHOTO,"Martha Calder-Jones",martha-calder-jones,99e825fc-76c0-4f51-a5f2-2a4e2bc458e0,,no
NO_LOCAL_PHOTO,"Massimo Crubellati",massimo-crubellati,40b7a047-c88b-489e-a4da-6539dda7c873,,no
NO_LOCAL_PHOTO,"Mathias Ludwig",mathias-ludwig,f0e7a03c-4699-4c5f-80b7-58089216fb98,,no
NO_LOCAL_PHOTO,"Matt Dalen",matt-dalen,63bbbb09-f1d8-4d53-aa00-c84ba2898965,,no
NO_LOCAL_PHOTO,"Matt Newman",matt-newman,7ebc2926-f422-4f36-8376-4a4f59cef891,,no
NO_LOCAL_PHOTO,"Matthias Frederick",matthias-frederick,6fe03305-2614-4f8f-873e-04d53ead29de,,no
NO_LOCAL_PHOTO,"Matthias Uhlitzch",matthias-uhlitzch,273456c0-7cab-80ed-a4d9-d270392d9872,,no
NO_LOCAL_PHOTO,"Mauricio Bitencourt",mauricio-bitencourt,ab13a008-cb9b-4f9f-a6dd-a465c37ff7ad,,no
NO_LOCAL_PHOTO,"Max Hillman",max-hillman,1b9456c0-7cab-8140-a15f-d65ac1bdc3f4,,no
NO_LOCAL_PHOTO,"Max Körbächer",max-k-rb-cher,3dbeaa44-63b0-4ff1-b6eb-f25df508fd0e,,no
NO_LOCAL_PHOTO,"Max Wardeh",max-wardeh,1e9456c0-7cab-8140-aaa2-ccc576cf09a1,,no
NO_LOCAL_PHOTO,"Maxim Salnikov",maxim-salnikov,aacd6141-af10-446a-8e6c-2837759d38a7,,no
NO_LOCAL_PHOTO,"Maximilian Bender von Säbelkampf",maximilian-bender-von-s-belkampf,ee7374cf-d6c3-45c6-857a-9ef10795cc7d,,no
NO_LOCAL_PHOTO,"Megha Rietsch",megha-rietsch,1c2456c0-7cab-810e-b622-cc3e2b2a72a8,,no
NO_LOCAL_PHOTO,"Melissa Hsiung",melissa-hsiung,24c456c0-7cab-8084-90da-d7aa1f5bd1cb,,no
NO_LOCAL_PHOTO,"Micalah Spenrath",micalah-spenrath,11a456c0-7cab-81ee-b95d-c1932c776d70,,no
NO_LOCAL_PHOTO,"Michael Eydman",michael-eydman,248456c0-7cab-81e6-911e-d9ea8130e597,,no
NO_LOCAL_PHOTO,"Michael Gibson",michael-gibson,239456c0-7cab-81db-8bd0-c49350875e2f,,no
NO_LOCAL_PHOTO,"Michael King",michael-king,190456c0-7cab-81cf-8e09-cba124cb2cb9,,no
NO_LOCAL_PHOTO,"Michael Mueller",michael-mueller,17cc72f3-93f0-480e-954d-64695b06eb8e,,no
NO_LOCAL_PHOTO,"Michael Reed",michael-reed,161456c0-7cab-81c3-a717-d76188ccc610,,no
NO_LOCAL_PHOTO,"Michele Slocovich",michele-slocovich,557dfd00-cdb7-42fc-a278-2c043b8e7c76,,no
NO_LOCAL_PHOTO,"Mikee Chong",mikee-chong,1ce456c0-7cab-8158-a47f-df11cea3c00b,,no
NO_LOCAL_PHOTO,"Mikee Chong",mikee-chong,1d0456c0-7cab-81a7-92cc-c214f9003d79,,no
NO_LOCAL_PHOTO,"Minette Mangahas",minette-mangahas,7b6c05e8-70b9-4213-9c3f-de9d393d0cc0,,no
NO_LOCAL_PHOTO,"Minko Gechev",minko-gechev,19f456c0-7cab-8132-af68-f4212b4666a7,,no
NO_LOCAL_PHOTO,"Mirco Soderi",mirco-soderi,7bef7355-fb6c-4f16-9b8c-a37f33bbb44f,,no
NO_LOCAL_PHOTO,"Miren Illarramendi",miren-illarramendi,1e3456c0-7cab-8058-8bb5-e5ebfd5ddf76,,no
NO_LOCAL_PHOTO,"Mohamed Toufik Ailane",mohamed-toufik-ailane,6e213f1c-d9cf-4fd4-ba21-9a6cb6f4ba80,,no
NO_LOCAL_PHOTO,"Mohammed El Amine Rhazzar",mohammed-el-amine-rhazzar,cb2f7b7d-53c4-41ae-b803-081e48b0ed8b,,no
NO_LOCAL_PHOTO,"MOHIDDIN SHAIK",mohiddin-shaik,b10b61d5-b47e-4677-99ac-192dee37c9d7,,no
NO_LOCAL_PHOTO,"Mona Borham",mona-borham,299456c0-7cab-81ce-b3e7-e24c52605dd5,,no
NO_LOCAL_PHOTO,"Murilo Martins",murilo-martins,135456c0-7cab-8158-a836-ec2178dd9216,,no
NO_LOCAL_PHOTO,"My Truong",my-truong,1de456c0-7cab-8025-a6a5-f6ffe8b566a9,,no
NO_LOCAL_PHOTO,"Nadim Kapadia",nadim-kapadia,107456c0-7cab-81ef-86b0-c922fbe45dfc,,no
NO_LOCAL_PHOTO,"Nagasundari Sivamoni Moorthy",nagasundari-sivamoni-moorthy,1fb456c0-7cab-8147-af13-c425ebe108c8,,no
NO_LOCAL_PHOTO,"Nagesh Nagara",nagesh-nagara,1a6456c0-7cab-816a-9e81-e7c0058bf6f5,,no
NO_LOCAL_PHOTO,"Namrata Narayan",namrata-narayan,de8e9614-8b19-463b-99ce-b0df969839c7,,no
NO_LOCAL_PHOTO,"Natalie Isak",natalie-isak,d4e8ae57-d63c-4c16-9a6e-fa320853418f,,no
NO_LOCAL_PHOTO,"Natalie Pullin",natalie-pullin,27e456c0-7cab-803f-b6a6-debef84939c5,,no
NO_LOCAL_PHOTO,"Nathaly Mateo Pena",nathaly-mateo-pena,f4370c8a-0113-4a29-8c23-960ed10b726e,,no
NO_LOCAL_PHOTO,"Nelson Silva",nelson-silva,17b456c0-7cab-8142-a337-f7eaf24d00ca,,no
NO_LOCAL_PHOTO,"Nick Langle",nick-langle,df44e5a0-af95-4e4b-bd65-ce1492c0ff29,,no
NO_LOCAL_PHOTO,"Nico Buchner",nico-buchner,d14ac1e6-636c-4c19-b6c8-29960ad9eee2,,no
NO_LOCAL_PHOTO,"Nicole McCaffrey",nicole-mccaffrey,119456c0-7cab-8119-a1a7-fa6254bb82d3,,no
NO_LOCAL_PHOTO,"Nik Howlett",nik-howlett,161456c0-7cab-812e-b486-d15cd0be73b0,,no
NO_LOCAL_PHOTO,"Nikolas Becker",nikolas-becker,7832e0d8-3f28-4428-adc8-3e9acd0e25a9,,no
NO_LOCAL_PHOTO,"Nimesh Sharma",nimesh-sharma,cb593e9c-f30d-42a6-a089-e1f8864cb0ae,,no
NO_LOCAL_PHOTO,"Nimish Gupta",nimish-gupta,2e62e7e6-a296-4d72-a5f4-edf401386a79,,no
NO_LOCAL_PHOTO,"Nisha Menon",nisha-menon,bc1c8d64-a904-4048-9b1b-6ef65a8ef0cc,,no
NO_LOCAL_PHOTO,"Nisha Ramachandra",nisha-ramachandra,270456c0-7cab-8094-af1a-f446b35a2232,,no
NO_LOCAL_PHOTO,"Noah Cole",noah-cole,53ece591-84de-4a02-8295-6581e8aedc0c,,no
NO_LOCAL_PHOTO,"Nohelia Rios Garcia",nohelia-rios-garcia,269456c0-7cab-815e-a020-de003a9da4f5,,no
NO_LOCAL_PHOTO,"Norman De Los Reyes",norman-de-los-reyes,2315fb1c-cc95-407a-93ea-c602c903c7e7,,no
NO_LOCAL_PHOTO,"Oliver Barwell",oliver-barwell,0b5f2495-9058-4aae-8803-00d1dd3b4279,,no
NO_LOCAL_PHOTO,"Omran Antar",omran-antar,c4297c9b-b22a-4d19-94a5-aa63ef538379,,no
NO_LOCAL_PHOTO,"Oxana Travnikova",oxana-travnikova,1f2456c0-7cab-8167-bb65-e0d9251d26d7,,no
NO_LOCAL_PHOTO,"Pablo Sagarna",pablo-sagarna,257456c0-7cab-81c3-92c0-ee3690782942,,no
NO_LOCAL_PHOTO,"Padmini Guntaka",padmini-guntaka,2576269a-6e53-4032-b92f-f5f2824aafb3,,no
NO_LOCAL_PHOTO,"Param Bhatia",param-bhatia,10d456c0-7cab-81f9-98ec-fd4d8e8636c3,,no
NO_LOCAL_PHOTO,"Parul Jalota",parul-jalota,bf8b2c6e-87e5-40f9-83ae-975c5b7c00ec,,no
NO_LOCAL_PHOTO,"Patrick McAndrew",patrick-mcandrew,9e418e4c-3623-4bb7-9051-7aecdc12ee35,,no
NO_LOCAL_PHOTO,"Paul Cummings",paul-cummings,118456c0-7cab-80aa-976e-e3365e513bbd,,no
NO_LOCAL_PHOTO,"Paul Liepe",paul-liepe,456b379e-738c-4b59-a1c4-4588325d61f9,,no
NO_LOCAL_PHOTO,"Paula De Matos",paula-de-matos,ba4cb9bc-ea62-447f-8a76-3dce81b71482,,no
NO_LOCAL_PHOTO,"Paull Young",paull-young,1cc0782b-f023-4595-869f-230d3afb998a,,no
NO_LOCAL_PHOTO,"Peter Dushkin",peter-dushkin,9d335fc2-9f49-4cc3-b1cb-1e2852debd7b,,no
NO_LOCAL_PHOTO,"Philipp Quaet-Faslem",philipp-quaet-faslem,607f8232-0027-4dfd-9cf6-28842db52d8b,,no
NO_LOCAL_PHOTO,"Philippe MARECHAL",philippe-marechal,22f456c0-7cab-816d-b18c-c42b39decc1f,,no
NO_LOCAL_PHOTO,"Phuwadon Decharam",phuwadon-decharam,210456c0-7cab-8140-bf57-ee4e32fb3f63,,no
NO_LOCAL_PHOTO,"Pilar Bilbao",pilar-bilbao,58fa06ca-74f9-4f98-b157-dd55ae608752,,no
NO_LOCAL_PHOTO,"Pini Reznik",pini-reznik,7c8b5788-5257-4534-86fa-7c0fc36a7f6c,,no
NO_LOCAL_PHOTO,"Prathap Thotapalle",prathap-thotapalle,2ce456c0-7cab-81f7-a41f-dbb41b411246,,no
NO_LOCAL_PHOTO,"Priyanka Kantharaj",priyanka-kantharaj,fea23d7d-dfe1-4ad6-a157-a68e65652a17,,no
NO_LOCAL_PHOTO,"Prof. Mohamedally",prof-mohamedally,121456c0-7cab-80a7-bf81-ec08b906bbcb,,no
NO_LOCAL_PHOTO,"Quentin Ceulemans",quentin-ceulemans,1f8456c0-7cab-81ac-b06c-fbef6654d473,,no
NO_LOCAL_PHOTO,"Rachel Schifano",rachel-schifano,1c2456c0-7cab-81cc-a572-feebf871fc87,,no
NO_LOCAL_PHOTO,"Raffaele Venafra",raffaele-venafra,88c1ad11-d8b1-404a-bacb-b8f4a10b621b,,no
NO_LOCAL_PHOTO,"Raghavarao Battina",raghavarao-battina,256456c0-7cab-8196-9b39-f9fdcb90f801,,no
NO_LOCAL_PHOTO,"Rajan Shah",rajan-shah,295456c0-7cab-813e-ac8d-ce2131b58bd2,,no
NO_LOCAL_PHOTO,"Ralph Hierl",ralph-hierl,19d82231-d222-4bac-99cc-b9f673f89a47,,no
NO_LOCAL_PHOTO,"Ram G Suri",ram-g-suri,82676dc1-23f8-48a0-bacf-cf2125232a7f,,no
NO_LOCAL_PHOTO,"Ravindra Ranaweera",ravindra-ranaweera,26a456c0-7cab-8179-a308-d01eeecf8b10,,no
NO_LOCAL_PHOTO,"Riccardo Pomato",riccardo-pomato,270456c0-7cab-80b4-a47e-cecd8560c3d0,,no
NO_LOCAL_PHOTO,"Richa Richa",richa-richa,e95442df-0f71-4293-a9c9-976870ba244d,,no
NO_LOCAL_PHOTO,"Richard Hill",richard-hill,296456c0-7cab-8022-88ea-d9a09597b4c4,,no
NO_LOCAL_PHOTO,"Rintaro Ikeda",rintaro-ikeda,d7c8f503-98dc-455e-b3e9-024cdcb21d44,,no
NO_LOCAL_PHOTO,"Roberto Barbero",roberto-barbero,2ae456c0-7cab-812d-b46c-c9af125cdc6f,,no
NO_LOCAL_PHOTO,"Roberto Vergallo",roberto-vergallo,9e4ea440-8f77-45df-9131-09ac2256248e,,no
NO_LOCAL_PHOTO,"Robin Castellon",robin-castellon,2dae893e-f24e-45c8-833e-48ec4cf4b087,,no
NO_LOCAL_PHOTO,"Robin Troesch",robin-troesch,18f456c0-7cab-8132-b807-e2cdfc017623,,no
NO_LOCAL_PHOTO,"Rohit Mehra",rohit-mehra,22a456c0-7cab-812c-8025-cc258b2efae3,,no
NO_LOCAL_PHOTO,"Roman Balkow",roman-balkow,cfb05759-378e-4f40-aa21-a8c38acc978d,,no
NO_LOCAL_PHOTO,"Ronan Glemain",ronan-glemain,709e1eee-9d69-425d-b04a-a46e65fc4281,,no
NO_LOCAL_PHOTO,"Roselyne THAI",roselyne-thai,1a1456c0-7cab-81cb-ae52-f34adbe863a8,,no
NO_LOCAL_PHOTO,"Roxana Maria Muresan",roxana-maria-muresan,06b9298a-2ec1-4b21-bd39-0e1a83d09928,,no
NO_LOCAL_PHOTO,"Ruby Dickinson",ruby-dickinson,9781b8e9-d4ab-4c67-b004-b6a85989b11a,,no
NO_LOCAL_PHOTO,"Russ Trow",russ-trow,04681caa-19b2-4d08-b3ff-ea76e2bb6aa0,,no
NO_LOCAL_PHOTO,"Ruth Widmann",ruth-widmann,a911b1e1-afc9-417f-be44-54fdb4d76d92,,no
NO_LOCAL_PHOTO,"ryan held",ryan-held,210456c0-7cab-8197-9691-ff9bf1d5adf9,,no
NO_LOCAL_PHOTO,"Ryan Sholin",ryan-sholin,1d1456c0-7cab-81c6-adcc-e4ce0ba04586,,no
NO_LOCAL_PHOTO,"Sachidanand Sharma",sachidanand-sharma,2140667c-094f-4f40-b840-e175e8084510,,no
NO_LOCAL_PHOTO,"Sahan Bulathwela",sahan-bulathwela,1ad456c0-7cab-800d-989f-e1d87d09536a,,no
NO_LOCAL_PHOTO,"Salim Saay",salim-saay,2ea456c0-7cab-81ce-9c51-d023b11c77c7,,no
NO_LOCAL_PHOTO,"Sam Rizzo",sam-rizzo,22b456c0-7cab-8176-a514-fabcafb5546c,,no
NO_LOCAL_PHOTO,"Sameer N",sameer-n,cd66ff34-fcab-4b06-a596-cb3f6266bc21,,no
NO_LOCAL_PHOTO,"Samuel Berton",samuel-berton,6a609382-8d14-4391-9251-ab86087c0a36,,no
NO_LOCAL_PHOTO,"Samuel Fricker",samuel-fricker,2df456c0-7cab-8169-8661-d6f3eae0b40a,,no
NO_LOCAL_PHOTO,"Samuel Rincé",samuel-rinc,1b5456c0-7cab-81f1-9276-e0a7e78facde,,no
NO_LOCAL_PHOTO,"Samuel Rincé",samuel-rinc,1ba456c0-7cab-813d-ae29-c396ff4a3a3f,,no
NO_LOCAL_PHOTO,"Sandro Mazziotta",sandro-mazziotta,8f879a05-069f-43a6-8858-365202375cb3,,no
NO_LOCAL_PHOTO,"Sanjana Chhabra",sanjana-chhabra,2f0456c0-7cab-812c-8f12-f2be377a8bca,,no
NO_LOCAL_PHOTO,"Satish Gadekar",satish-gadekar,11b456c0-7cab-8159-afa2-d9e2743fefe6,,no
NO_LOCAL_PHOTO,"Savitha Sridharan",savitha-sridharan,16ef252e-ba3c-4d27-acde-871a55c7ca50,,no
NO_LOCAL_PHOTO,"Scott Etkin",scott-etkin,193456c0-7cab-81b2-a14d-f7879646deb6,,no
NO_LOCAL_PHOTO,"Sean O'Keefe",sean-o-keefe,91d00772-703b-4d9e-96ab-d2c9b2092cc4,,no
NO_LOCAL_PHOTO,"Sebastian Geiger",sebastian-geiger,3e85195b-c7b0-4416-be1e-200816edb079,,no
NO_LOCAL_PHOTO,"Sebastian Rivera Gonzalez",sebastian-rivera-gonzalez,ee1becf1-b7bf-4ceb-92f8-6bd3cf404f19,,no
NO_LOCAL_PHOTO,"sébastien Barre",s-bastien-barre,22a456c0-7cab-815d-aa73-f7043799d8a8,,no
NO_LOCAL_PHOTO,"Sebastien Rousseau",sebastien-rousseau,97e5013c-9de9-4dde-ae52-ccb10edbd8f3,,no
NO_LOCAL_PHOTO,"sergio rojas",sergio-rojas,2f4456c0-7cab-8162-ac27-ce0038e91633,,no
NO_LOCAL_PHOTO,"Shady Hegazy",shady-hegazy,adcf64b6-3ed1-4639-86f5-650ae6bd7863,,no
NO_LOCAL_PHOTO,"Shalini Mohan",shalini-mohan,bdb6a7f6-72f3-4234-b636-745b87750ccb,,no
NO_LOCAL_PHOTO,"Shashi Prakash",shashi-prakash,26394f87-2fc1-413d-98b8-dda08f31608f,,no
NO_LOCAL_PHOTO,"Shelley Cotterill",shelley-cotterill,269456c0-7cab-8109-8cc1-f69f84d495f8,,no
NO_LOCAL_PHOTO,"Shereen Fahmy",shereen-fahmy,0c1e5152-1333-4360-805b-35930458a4b5,,no
NO_LOCAL_PHOTO,"Shin Hwei Tan",shin-hwei-tan,1ae456c0-7cab-80df-b1f0-e5b4afdd9cee,,no
NO_LOCAL_PHOTO,"Shiv Asthana",shiv-asthana,ddd1ba17-12c6-4563-a538-652f0f1be861,,no
NO_LOCAL_PHOTO,"Shubhankar Keluskar",shubhankar-keluskar,2469282a-b76d-4965-b1ef-b968290b3b35,,no
NO_LOCAL_PHOTO,"Sigurd Spieckermann",sigurd-spieckermann,59afc2be-2297-48d1-bdfc-11e14cf2d573,,no
NO_LOCAL_PHOTO,"Simon Bennett",simon-bennett,55273802-9a37-4e0a-af55-c18c08a331bc,,no
NO_LOCAL_PHOTO,"Simon Thurman",simon-thurman,39431eb6-a2d6-418a-aae0-8a98c4b05aa4,,no
NO_LOCAL_PHOTO,"Siu Chan",siu-chan,9b9f4b6e-383b-4e00-aa50-60086ec4e779,,no
NO_LOCAL_PHOTO,"Sonali Patel",sonali-patel,17c456c0-7cab-819b-b939-f8367e3f245f,,no
NO_LOCAL_PHOTO,"Sophie Vos",sophie-vos,13e456c0-7cab-8107-977a-dfde6475121c,,no
NO_LOCAL_PHOTO,"Sreenivasan Lakshminarayanan",sreenivasan-lakshminarayanan,a4064380-49dd-4e45-a79c-b4f9578c139a,,no
NO_LOCAL_PHOTO,"Stacy Cline",stacy-cline,1bd456c0-7cab-804c-b7f1-dbe9a1e56a2b,,no
NO_LOCAL_PHOTO,"Stacy Smith",stacy-smith,2199ff68-b61b-4743-b44d-38c23d4894a4,,no
NO_LOCAL_PHOTO,"Stefana Raileanu",stefana-raileanu,27d33363-817f-4058-94aa-a2098bf4c84b,,no
NO_LOCAL_PHOTO,"Stefania Renna",stefania-renna,c7104ae7-b68f-44c2-a59a-016d0d7f07f9,,no
NO_LOCAL_PHOTO,"Stefanie Wolf",stefanie-wolf,d59832c7-cbbc-4ff5-945f-4bd3f27fb29d,,no
NO_LOCAL_PHOTO,"Stefano Bassan",stefano-bassan,9317ea05-5449-4eeb-af9a-28300fba62c1,,no
NO_LOCAL_PHOTO,"Stefano Castelluccio",stefano-castelluccio,0d379ca1-0ecf-48a1-85c2-0f0bfa51d206,,no
NO_LOCAL_PHOTO,"Stephen Lim",stephen-lim,21b456c0-7cab-8124-a3da-ec7982c8aede,,no
NO_LOCAL_PHOTO,"Steve Ritzema",steve-ritzema,16eb3fdc-ffca-4739-891e-be623672b714,,no
NO_LOCAL_PHOTO,"Steven Mugisha",steven-mugisha,305456c0-7cab-8184-87f0-cd0abdca2db9,,no
NO_LOCAL_PHOTO,"Stuart Perks",stuart-perks,978d74ed-3030-4733-baa6-ca61f2b82bc5,,no
NO_LOCAL_PHOTO,"Stuart Sweeney Smith",stuart-sweeney-smith,106456c0-7cab-8147-b994-ca1349fcd724,,no
NO_LOCAL_PHOTO,"subhasish sinha",subhasish-sinha,19f456c0-7cab-81c1-ae21-d269e4a2ac96,,no
NO_LOCAL_PHOTO,"Sunil Kushwaha",sunil-kushwaha,157405cc-f455-4b3b-9ec3-fbf34e50a1c2,,no
NO_LOCAL_PHOTO,"Sunyanan Choochotkaew",sunyanan-choochotkaew,a91ac3f4-abd0-4031-a5e4-93b6ae72778b,,no
NO_LOCAL_PHOTO,"Swapnil Gadkari",swapnil-gadkari,454ca22e-f796-41f1-a50d-a2a867a42a77,,no
NO_LOCAL_PHOTO,"Takeru Kuramoto",takeru-kuramoto,d48316be-b2e2-44a7-ab36-d1464b42a823,,no
NO_LOCAL_PHOTO,"Takuya Iwatsuka",takuya-iwatsuka,a9aad4f5-7f18-4ce4-9a10-01df20d1270a,,no
NO_LOCAL_PHOTO,"Tamar Eilam",tamar-eilam,172815e5-2947-4e9a-a73c-5f3dedc1ee0c,,no
NO_LOCAL_PHOTO,"Tania Macri Badessich",tania-macri-badessich,535498db-32c8-42b8-b700-dcdd62d7c701,,no
NO_LOCAL_PHOTO,"Tatsuhiro Chiba",tatsuhiro-chiba,a0debaf5-06b5-4eda-b9e6-0bd88a8e7eff,,no
NO_LOCAL_PHOTO,"Tejaswi Khanna",tejaswi-khanna,231456c0-7cab-81ec-9e28-febcccb4950d,,no
NO_LOCAL_PHOTO,"Teresa Zeck",teresa-zeck,5834a844-c9c9-45f9-82a7-61d68e480f86,,no
NO_LOCAL_PHOTO,"THAYLER PEREIRA",thayler-pereira,23f456c0-7cab-819b-81d4-c6dcf284e560,,no
NO_LOCAL_PHOTO,"Theresa Zimmermann",theresa-zimmermann,eaf85831-2472-4737-9383-3b28710d54a1,,no
NO_LOCAL_PHOTO,"Thiago Falcão da Silva",thiago-falc-o-da-silva,26c456c0-7cab-81ba-a30e-c9b538cfc651,,no
NO_LOCAL_PHOTO,"Thiago Henrique Mattos",thiago-henrique-mattos,25a456c0-7cab-81ff-92bb-dd095ee6248d,,no
NO_LOCAL_PHOTO,"Thierno DIALLO",thierno-diallo,93724bf2-206e-40e3-abdf-923540aabe90,,no
NO_LOCAL_PHOTO,"Thom McKiernan",thom-mckiernan,1b1456c0-7cab-8122-9e2e-e81840a3dd69,,no
NO_LOCAL_PHOTO,"Thomas Ackermann",thomas-ackermann,bed3fdde-0f16-454a-aea5-484171628073,,no
NO_LOCAL_PHOTO,"Tia Haddad",tia-haddad,271456c0-7cab-81dc-9ddc-fad3b00aba0a,,no
NO_LOCAL_PHOTO,"Tim Brooks",tim-brooks,78482ce5-0994-4101-9c50-b9a3769a908b,,no
NO_LOCAL_PHOTO,"Tim SMOLCIC",tim-smolcic,bfb3c1b5-21b5-46e8-86d0-53043f5792c5,,no
NO_LOCAL_PHOTO,"Tiziana Margaria",tiziana-margaria,2ef456c0-7cab-81dc-bab1-ddd32f9fc19a,,no
NO_LOCAL_PHOTO,"Tobias Digeser",tobias-digeser,3a80b7fe-6493-4ef9-b99e-906ce83048f3,,no
NO_LOCAL_PHOTO,"Tom Harris",tom-harris,242456c0-7cab-8179-93f0-f668a67aa626,,no
NO_LOCAL_PHOTO,"Tomi Adekanye",tomi-adekanye,29a85818-b4ac-483f-bdd5-901704e95c5e,,no
NO_LOCAL_PHOTO,"Tomoki Yamane",tomoki-yamane,8610f2f2-f63a-4c83-853e-2d618bedd610,,no
NO_LOCAL_PHOTO,"Tomonari Okuno",tomonari-okuno,20a456c0-7cab-8155-bcaf-d3a901b3e39c,,no
NO_LOCAL_PHOTO,"Tony van Swet",tony-van-swet,1b2b2950-df00-4d10-8fc0-068dce6e572b,,no
NO_LOCAL_PHOTO,"Tori Goethel",tori-goethel,b57fbe68-38e7-4186-83ca-cecaee76bf01,,no
NO_LOCAL_PHOTO,"Tori Hart",tori-hart,4e54c5fc-5d23-4e4b-a16d-2c20f4a5e08e,,no
NO_LOCAL_PHOTO,"Trevor Lind",trevor-lind,1e3456c0-7cab-81b1-b9cb-d941f82d26c8,,no
NO_LOCAL_PHOTO,"Trisha Singh",trisha-singh,ca1c8a46-fb6a-4a14-b828-02fe57c5e361,,no
NO_LOCAL_PHOTO,"Tsuyoshi Tsuyoshi Minam",tsuyoshi-tsuyoshi-minam,ded2c8a2-874a-42da-bddb-482892f743cb,,no
NO_LOCAL_PHOTO,"Tuhin Mitra",tuhin-mitra,127456c0-7cab-810f-b570-f109eb1e3e9d,,no
NO_LOCAL_PHOTO,"Uday Bala",uday-bala,eb4529e7-bc9f-4d9d-bb47-eccc98502b80,,no
NO_LOCAL_PHOTO,"Ugo Ciracì",ugo-cirac,142456c0-7cab-81d8-a342-e1b1b242f9ee,,no
NO_LOCAL_PHOTO,"Valeryia Kasabutskaya",valeryia-kasabutskaya,26f3b700-378d-45a8-8368-5fc97521cdf4,,no
NO_LOCAL_PHOTO,"vikram isanaka",vikram-isanaka,2e1456c0-7cab-8124-a2a6-eb7a9e8c0c5b,,no
NO_LOCAL_PHOTO,"Vincent Caldeira",vincent-caldeira,476ebeaf-54c3-4bc0-aba9-e446b7064072,,no
NO_LOCAL_PHOTO,"Vincenzo Capasso",vincenzo-capasso,129456c0-7cab-80b5-8f64-f64308f37f08,,no
NO_LOCAL_PHOTO,"Vishnu varthanan Moorthy",vishnu-varthanan-moorthy,140edc52-4feb-4d71-b3c7-577e9318e53d,,no
NO_LOCAL_PHOTO,"Wee Loong Koh",wee-loong-koh,2df945bb-a197-4b68-9dc4-e14dfa1dc644,,no
NO_LOCAL_PHOTO,"Wilfred Pradeep",wilfred-pradeep,d25217e6-b057-43e0-997f-e303b8f7e392,,no
NO_LOCAL_PHOTO,"William Douglas Vieira",william-douglas-vieira,16a456c0-7cab-81ee-94a0-ef3e587ea3bd,,no
NO_LOCAL_PHOTO,"Wolfgang Gehring",wolfgang-gehring,40d1f8ff-ae62-40b4-b961-5fabc4e044c3,,no
NO_LOCAL_PHOTO,"Xu He",xu-he,1c3456c0-7cab-81bd-8751-ceee6c5c19a7,,no
NO_LOCAL_PHOTO,"Yathartha Sharma",yathartha-sharma,bb490c17-1ffb-454b-a4e5-9143f24ec1e5,,no
NO_LOCAL_PHOTO,"Yelle Lieder",yelle-lieder,bed79726-d1f6-4bba-84b8-cc1537eaca24,,no
NO_LOCAL_PHOTO,"Yelle Lieder",yelle-lieder,e410828f-26ca-4407-be10-693721d8f258,,no
NO_LOCAL_PHOTO,"Yoni Doron-Peters",yoni-doron-peters,c521aa4c-324b-4f45-a2c1-908c80f1ee9b,,no
NO_LOCAL_PHOTO,"Yury Bubnov",yury-bubnov,17e456c0-7cab-81d5-8e62-d13afc3bd264,,no
NO_LOCAL_PHOTO,"Zachary Smith",zachary-smith,1d6456c0-7cab-804d-9a31-e1d90985623f,,no
NO_LOCAL_PHOTO,"Zanete Hussain",zanete-hussain,8e6be82a-a76e-4b95-b112-8277fcbf3714,,no
